,actor,final_audience_y
0, ,2.0
1,G-드래곤,2.0
2,J.K. 시몬스,32.0
3,RJ 사일러,2.0
4,T.J. 밀러,26.0
5,가렛 헤드룬드,6.0
6,가브리엘 베이트먼,6.0
7,가비 호프만,2.0
8,가엘 가르시아 베르날,14.0
9,가이 피어스,40.0
10,가인,2.0
11,갈소원,24.0
12,감우성,6.0
13,강 숙,2.0
14,강경일,2.0
15,강경자,4.0
16,강경준,8.0
17,강경현,2.0
18,강경훈,2.0
19,강계열,12.0
20,강광희,2.0
21,강규영,12.0
22,강기동,4.0
23,강기영,4.0
24,강기화,4.0
25,강길남,2.0
26,강남영,2.0
27,강남현,10.0
28,강다연,4.0
29,강다영,6.0
30,강다현,10.0
31,강대규,24.0
32,강대연,2.0
33,강대영,2.0
34,강대현,2.0
35,강대희,8.0
36,강동원,120.0
37,강동호,8.0
38,강래연,2.0
39,강명관,2.0
40,강명희,4.0
41,강문,2.0
42,강문정,4.0
43,강미경,2.0
44,강민우,6.0
45,강민정,2.0
46,강민혁,6.0
47,강별,4.0
48,강병조,2.0
49,강병철,4.0
50,강봉성,2.0
51,강성진,2.0
52,강성훈,2.0
53,강소라,32.0
54,강소백,6.0
55,강수연,2.0
56,강수진,13.999999999999998
57,강수한,2.0
58,강승헌,4.0
59,강신일,68.0
60,강신효,2.0
61,강예원,46.0
62,강인,8.0
63,강지원,30.0
64,강지환,26.000000000000004
65,강태수,6.0
66,강태영,2.0
67,강하나,10.0
68,강하늘,52.0
69,강한나,2.0
70,강혜정,10.0
71,강호철,2.0
72,강희선,4.0
73,개반 오헐리히,2.0
74,갤 가돗,16.0
75,게리 올드만,63.99999999999999
76,견미리,10.0
77,견자단,18.0
78,경규원,6.0
79,경수진,8.0
80,경첨,4.0
81,계륜미,2.0
82,고경표,12.0
83,고규필,2.0
84,고길주,2.0
85,고대영,2.0
86,고두심,12.0
87,고수,52.0
88,고수희,20.0
89,고아라,16.0
90,고아성,14.0
91,고원원,2.0
92,고은아,4.0
93,고준,6.0
94,고준희,20.0
95,고창석,108.0
96,고천락,4.0
97,고현정,8.0
98,골시프테 파라하니,2.0
99,공리,4.0
100,공예지,2.0
101,공유,74.0
102,공형진,6.0
103,공효진,30.0
104,곽규미,2.0
105,곽도원,113.99999999999999
106,곽민호,8.0
107,곽사연,2.0
108,곽선영,4.0
109,곽시양,8.0
110,곽지혜,2.0
111,구교환,4.0
112,구구 바샤-로,2.0
113,구민선,2.0
114,구본웅,4.0
115,구자형,8.0
116,권병길,6.0
117,권상우,32.0
118,권세인,8.0
119,권영국,6.0
120,권오중,8.0
121,권유리,2.0
122,권율,16.0
123,권재현,2.0
124,권지훈,24.0
125,권진영,2.0
126,권해효,14.0
127,권혁석,4.0
128,권현상,4.0
129,귀욤 고익스,2.0
130,그레이스 검머,2.0
131,그레이엄 그린,2.0
132,그레타 거윅,2.0
133,그렉 버거,2.0
134,그렉 이글스,2.0
135,그렉 키니어,2.0
136,글렌 클로즈,4.0
137,글렌 하사드,2.0
138,금성무,14.0
139,기네스 팰트로우,50.0
140,기무라 타쿠야,2.0
141,기주봉,8.0
142,기타노 다케시,4.0
143,김가령,2.0
144,김갑수,20.0
145,김강우,55.99999999999999
146,김경란,6.0
147,김경희,2.0
148,김고은,26.000000000000004
149,김광규,6.0
150,김광석,2.0
151,김광일,16.0
152,김광호,6.0
153,김구택,18.0
154,김규동,6.0
155,김규리,12.0
156,김규백,32.0
157,김기범,2.0
158,김기석,10.0
159,김기천,10.0
160,김기철,2.0
161,김기현,26.0
162,김기훈,2.0
163,김꽃비,2.0
164,김남길,62.0
165,김다미,2.0
166,김다율,4.0
167,김단율,4.0
168,김대명,24.0
169,김도균,12.0
170,김도연,2.0
171,김동영,14.0
172,김동완,14.0
173,김동욱,66.0
174,김동윤,2.0
175,김동준,6.0
176,김동현,4.0
177,김동협,6.0
178,김동호,2.0
179,김동희,6.0
180,김라희,6.0
181,김래원,26.0
182,김뢰하,12.0
183,김명곤,24.0
184,김명민,88.0
185,김명성,2.0
186,김명수,10.0
187,김명은,2.0
188,김명일,2.0
189,김명준,6.0
190,김무열,58.0
191,김미경,6.0
192,김미랑,2.0
193,김미소,4.0
194,김미숙,8.0
195,김미진,8.0
196,김민경,2.0
197,김민교,10.0
198,김민국,12.0
199,김민규,2.0
200,김민석,2.0
201,김민선,14.0
202,김민수,2.0
203,김민영,12.0
204,김민욱,4.0
205,김민자,8.0
206,김민재,6.0
207,김민정,14.0
208,김민준,14.0
209,김민채,8.0
210,김민희,43.99999999999999
211,김범,12.0
212,김병만,4.0
213,김병옥,16.0
214,김병철,6.0
215,김보라,6.0
216,김보연,2.0
217,김보영,2.0
218,김사랑,2.0
219,김산호,4.0
220,김상경,44.0
221,김상중,8.0
222,김상호,56.0
223,김새론,32.0
224,김새벽,2.0
225,김새해,2.0
226,김서영,20.0
227,김서형,6.0
228,김석태,6.0
229,김석훈,2.0
230,김선경,2.0
231,김선아,10.0
232,김선영,6.0
233,김선혜,20.0
234,김선화,6.0
235,김성균,106.00000000000001
236,김성령,22.0
237,김성수,10.0
238,김성연,2.0
239,김성오,44.0
240,김성은,2.0
241,김성종,6.0
242,김성태,14.0
243,김소연,2.0
244,김소영,2.0
245,김소은,2.0
246,김소진,10.0
247,김소현,8.0
248,김소희,2.0
249,김솔,2.0
250,김수남,8.0
251,김수로,26.0
252,김수미,42.0
253,김수안,32.0
254,김수웅,4.0
255,김수정,4.0
256,김수현,30.0
257,김순모,4.0
258,김슬기,10.0
259,김승아,8.0
260,김승우,14.0
261,김승욱,6.0
262,김승훈,8.0
263,김시권,16.0
264,김시운,6.0
265,김시후,24.0
266,김아중,24.0
267,김여진,6.0
268,김연우,2.0
269,김영광,12.0
270,김영근,2.0
271,김영민,4.0
272,김영애,62.0
273,김영옥,2.0
274,김영은,4.0
275,김영재,4.0
276,김영찬,2.0
277,김영철,10.0
278,김영현,4.0
279,김영호,12.0
280,김영화,2.0
281,김영훈,16.0
282,김예론,4.0
283,김예원,6.0
284,김옥경,10.0
285,김옥빈,32.00000000000001
286,김용건,8.0
287,김용헌,2.0
288,김우빈,44.0
289,김원,4.0
290,김원명,2.0
291,김원영,10.0
292,김원중,4.0
293,김원해,40.0
294,김원효,12.0
295,김유나,6.0
296,김유미,2.0
297,김유선,2.0
298,김유인,4.0
299,김유정,31.999999999999996
300,김윤석,178.0
301,김윤성,6.0
302,김윤안,2.0
303,김윤영,2.0
304,김윤진,58.0
305,김윤태,8.0
306,김윤혜,4.0
307,김율,6.0
308,김율호,44.0
309,김은겸,2.0
310,김은혜,2.0
311,김응수,40.0
312,김의성,64.0
313,김인권,100.0
314,김인우,14.0
315,김장겸,2.0
316,김재덕,2.0
317,김재욱,6.0
318,김재준,6.0
319,김재중,4.0
320,김재철,2.0
321,김재화,2.0
322,김정국,4.0
323,김정석,6.0
324,김정아,2.0
325,김정영,4.0
326,김정은,24.0
327,김정철,18.0
328,김정태,54.0
329,김정현,2.0
330,김정훈,2.0
331,김정희,28.0
332,김종구,2.0
333,김종수,36.0
334,김주혁,48.0
335,김준면,4.0
336,김준성,10.0
337,김준현,4.0
338,김중기,4.0
339,김지경,4.0
340,김지민,2.0
341,김지석,24.0
342,김지영,12.0
343,김지원,10.0
344,김지은,4.0
345,김지혜,2.0
346,김지호,10.0
347,김지환,8.0
348,김지훈,2.0
349,김진희,8.0
350,김창숙,2.0
351,김창완,2.0
352,김태균,10.0
353,김태리,36.0
354,김태연,2.0
355,김태우,30.0
356,김태웅,6.0
357,김태한,14.0
358,김태호,8.0
359,김태훈,24.0
360,김태희,2.0
361,김하늘,34.0
362,김하영,8.0
363,김한나,14.0
364,김한솔,8.0
365,김해숙,94.0
366,김해진,2.0
367,김향기,58.0
368,김혁,6.0
369,김현빈,14.0
370,김현석,2.0
371,김현수,26.0
372,김현숙,22.0
373,김현심,2.0
374,김현아,2.0
375,김현우,2.0
376,김현욱,2.0
377,김현정,2.0
378,김현주,2.0
379,김현지,6.0
380,김현철,2.0
381,김형범,2.0
382,김형용,2.0
383,김형일,8.0
384,김형주,2.0
385,김혜린,2.0
386,김혜선,6.0
387,김혜성,20.0
388,김혜수,70.0
389,김혜숙,10.0
390,김혜옥,22.0
391,김혜인,2.0
392,김혜자,10.0
393,김혜정,10.0
394,김혜진,8.0
395,김호성,4.0
396,김호연,42.0
397,김호정,2.0
398,김홍균,2.0
399,김홍재,2.0
400,김홍파,26.0
401,김화영,6.0
402,김환진,8.0
403,김환희,16.0
404,김효수,2.0
405,김효숙,14.0
406,김효식,2.0
407,김효연,8.0
408,김효진,14.0
409,김흥국,4.0
410,김흥수,2.0
411,김희라,2.0
412,김희석,2.0
413,김희수,2.0
414,김희승,6.0
415,김희애,18.0
416,김희영,4.0
417,김희원,42.0
418,김희정,4.0
419,김희찬,2.0
420,김희철(희철),4.0
421,까뜨린느 드뇌브,2.0
422,까졸,2.0
423,나가사와 마사미,14.0
424,나가시마 유이치,2.0
425,나나,12.0
426,나단 필리온,2.0
427,나라하시 미키,6.0
428,나르샤,2.0
429,나문희,48.0
430,나빈 앤드류스,2.0
431,나상연,2.0
432,나영희,16.0
433,나오미 스콧,2.0
434,나오미 왓츠,22.0
435,나오미 해리스,24.0
436,나카무라 시도,6.0
437,나카이 카즈야,4.0
438,나카타 조지,2.0
439,나타샤 맥켈혼,2.0
440,나탈리 도메르,2.0
441,나탈리 잭슨 멘도자,2.0
442,나탈리 포트만,36.0
443,나탈리아 루다코바,4.0
444,나태주,2.0
445,난죠 요시노,2.0
446,남능미,8.0
447,남도형,14.0
448,남동협,6.0
449,남보라,8.0
450,남상미,8.0
451,남성진,4.0
452,남지현,8.0
453,냇 울프,14.0
454,네스토르 세라노,2.0
455,노강민,2.0
456,노라 존스,2.0
457,노먼 리더스,2.0
458,노무현,8.0
459,노승범,12.0
460,노아 링어,6.0
461,노아 주프,4.0
462,노아 테일러,2.0
463,노엘 휘셔,2.0
464,노윤,2.0
465,노재훈,4.0
466,노정의,6.0
467,노홍철,2.0
468,누미 라파스,14.0
469,니나 도브레브,2.0
470,니시다 토시유키,2.0
471,니아 발다로스,2.0
472,니와 미키호,2.0
473,니콜 키드먼,26.0
474,니콜라 벌리,2.0
475,니콜라 펠츠,20.0
476,니콜라스 지로드,2.0
477,니콜라스 케이지,30.0
478,니콜라스 홀트,34.0
479,니콜라이 코스터 왈도,6.0
480,닉 놀테,2.0
481,닉 로빈슨,2.0
482,닉 오퍼만,2.0
483,닉 자노,2.0
484,닉 프로스트,4.0
485,닐 세티,8.0
486,닐 패트릭 해리스,24.0
487,닐 홉킨스,4.0
488,다네이 거라이라,14.0
489,다니엘 데이 루이스,4.0
490,다니엘 래드클리프,40.0
491,다니엘 브륄,6.0
492,다니엘 비서티,4.0
493,다니엘 조바토,6.0
494,다니엘 칼루야,8.0
495,다니엘 크레이그,40.0
496,다니엘 파나베이커,6.0
497,다니엘 헤니,24.0
498,다니카 야로쉬,4.0
499,다요 오케니이,10.0
500,다윈 쇼,2.0
501,다이고,4.0
502,다이안 레인,18.0
503,다이안 키튼,10.0
504,다이앤 크루거,12.0
505,다케우치 유코,2.0
506,다코타 고요,6.0
507,다코타 블루 리차드,2.0
508,다코타 존슨,6.0
509,다코타 패닝,18.0
510,달이,4.0
511,대니 드비토,2.0
512,대니 맥브라이드,2.0
513,대니 휴스턴,6.0
514,대성,6.0
515,댄 스티븐스,20.0
516,댄 애크로이드,2.0
517,댄 와일리,2.0
518,댄 포글러,12.0
519,더그 존스,4.0
520,더글라스 스미스,2.0
521,더글라스 홋지,4.0
522,더못 멀로니,10.0
523,더스틴 밀리건,2.0
524,더스틴 호프만,46.0
525,덩차오,2.0
526,데니 안/ 안신원,2.0
527,데니스 리어리,10.0
528,데니스 퀘이드,16.0
529,데릭 해밀턴,2.0
530,데미 로바토,2.0
531,데미안 비쉬어,2.0
532,데브 파텔,20.0
533,데비드 스트리에소브,2.0
534,데이너 카비,8.0
535,데이브 바티스타,16.0
536,데이브 존스,2.0
537,데이브 프랑코,18.0
538,데이비드 듀코브니,2.0
539,데이비드 코에너,2.0
540,데이비드 하워드,2.0
541,데이빗 고어,2.0
542,데이빗 듈리스,8.0
543,데이빗 벨,6.0
544,데이빗 쉼머,12.0
545,데이빗 오예로워,6.0
546,데이빗 웬햄,2.0
547,데이빗 크로스,2.0
548,데이빗 테넌트,4.0
549,데이빗 핫셀호프,2.0
550,데이지 리들리,4.0
551,데이커 몽고메리,2.0
552,데인 드한,24.0
553,데인 쿡,2.0
554,덴젤 워싱턴,16.0
555,도경수,16.0
556,도널 글리슨,20.0
557,도니 제프콧,8.0
558,도미닉 웨스트,6.0
559,도미닉 쿠퍼,16.0
560,도세진,2.0
561,도지한,22.0
562,도희,2.0
563,돈 올리비에리,2.0
564,돈 치들,32.0
565,돌프 룬드그렌,4.0
566,동방우,2.0
567,동호,4.0
568,두경훈,2.0
569,두우항,2.0
570,드레이크 벨,4.0
571,드류 베리모어,6.0
572,드미트리 나자로브,2.0
573,드와이트 헨리,2.0
574,드웨인 존슨,72.0
575,디몬 하운수,8.0
576,디애너 듀나건,2.0
577,디에고 루나,6.0
578,디오고 모르가도,2.0
579,디피카 파드콘,2.0
580,딜런 미네트,8.0
581,딜런 오브라이언,28.0
582,라니 무케르지,4.0
583,라다 미첼,10.0
584,라드 세르베드지야,8.0
585,라미란,102.0
586,라이스 웨이크필드,2.0
587,라이언 고슬링,14.0
588,라이언 구즈만,8.0
589,라이언 레놀즈,49.99999999999999
590,라이언 로빈스,2.0
591,라이언 슈스,2.0
592,라이언 콴튼,2.0
593,라이언 포터,8.0
594,라이언 필립,4.0
595,라일라 베르진,2.0
596,라일리 코프,10.0
597,라프 스팰,8.0
598,랄프 파인즈,32.0
599,랜디 커투어,2.0
600,러셀 브랜드,2.0
601,러셀 크로우,60.0
602,레나 헤디,12.0
603,레베카 퍼거슨,22.0
604,레베카 홀,32.0
605,레벨 윌슨,8.0
606,레슬리 만,8.0
607,레슬리 빕,2.0
608,레슬리 존스,4.0
609,레아 미셸,2.0
610,레아 세이두,12.0
611,레아 파이피스,2.0
612,레오나르도 디카프리오,44.0
613,레이 로마노,10.0
614,레이 스티븐슨,6.0
615,레이 윈스톤,2.0
616,레이 피셔,6.0
617,레이첼 맥아담스,44.0
618,레이첼 빌슨,8.0
619,레이첼 와이즈,20.0
620,레이첼 허드-우드,2.0
621,레이코 아일리스워스,2.0
622,레이크 벨,8.0
623,레인 윌슨,2.0
624,레일라 분야삭,2.0
625,로건 레먼,28.0
626,로건 마샬-그린,2.0
627,로나 미트라,2.0
628,로드리고 산토로,16.0
629,로라 던,2.0
630,로라 린니,6.0
631,로라 밴더부트,2.0
632,로라 하드독,8.0
633,로렌 코핸,2.0
634,로렌스 피쉬번,18.0
635,로렐라이 링클레이터,2.0
636,로리 멧칼프,2.0
637,로리 코크레인,2.0
638,로리 홀든,4.0
639,로몰라 가레이,2.0
640,로버트 구스타프슨,2.0
641,로버트 네퍼,4.0
642,로버트 다우니 주니어,174.00000000000003
643,로버트 듀발,4.0
644,로버트 드니로,24.0
645,로버트 레드포드,12.0
646,로버트 패틴슨,36.0
647,로버트 포스터,2.0
648,로버트 호프만,6.0
649,로베르토 베니니,2.0
650,로빈 라이트,12.0
651,로빈 윌리엄스,18.0
652,로셀린 산체즈,2.0
653,로쉬디 젬,2.0
654,로앤 에머라,2.0
655,로자리오 도슨,10.0
656,로자먼드 파이크,16.0
657,로저 프린셉,2.0
658,로즈 레슬리,2.0
659,로즈 번,30.0
660,로즈마리 드윗,10.0
661,로지 헌팅턴-휘틀리,28.0
662,론 샤바놀,2.0
663,론 펄먼,12.0
664,롤프 라스가드,2.0
665,롭 리글,6.0
666,롭 슈나이더,2.0
667,루나,2.0
668,루니 마라,12.0
669,루디 린,2.0
670,루머 윌리스,2.0
671,루브나 아자발,2.0
672,루비 로즈,4.0
673,루시 리우,22.0
674,루시 보인턴,4.0
675,루이스 C.K.,2.0
676,루이스 구즈만,8.0
677,루이스 맥더겔,2.0
678,루크 그림즈,2.0
679,루크 브레이시,4.0
680,루크 에반스,30.0
681,루크 윌슨,2.0
682,루크 커비,2.0
683,루퍼스 스웰,2.0
684,루퍼트 그린트,30.0
685,루퍼트 에반스,2.0
686,루퍼트 프렌드,2.0
687,루피타 뇽오,22.0
688,루한,4.0
689,류담,4.0
690,류덕환,16.0
691,류성훈,6.0
692,류세이 료,2.0
693,류승룡,159.99999999999997
694,류승범,64.0
695,류승수,8.0
696,류점희,2.0
697,류정수,6.0
698,류준열,52.00000000000001
699,류태호,6.0
700,류현경,40.0
701,류혜영,14.0
702,르네 루소,10.0
703,르네 젤위거,16.0
704,리 워넬,2.0
705,리나 레안데르손,2.0
706,리바이 밀러,2.0
707,리브 슈라이버,8.0
708,리브 타일러,6.0
709,리빙빙,20.0
710,리사 쿠드로,8.0
711,리암 니슨,102.0
712,리암 헴스워스,26.0
713,리온 포드,2.0
714,리즈 미슬러,2.0
715,리즈 아메드,6.0
716,리즈 위더스푼,18.0
717,리지 캐플란,18.0
718,리차드 E. 그랜트,8.0
719,리차드 기어,4.0
720,리차드 드레이퍼스,2.0
721,리차드 록스버그,2.0
722,리차드 아미티지,32.0
723,리차드 젠킨스,12.0
724,리처드 매든,6.0
725,리처드 윈저,2.0
726,리틱 로산,2.0
727,리한나,14.0
728,릭 말람브리,4.0
729,릭 윤,2.0
730,린 샤예,12.0
731,린 콜린스,4.0
732,릴리 제임스,8.0
733,릴리 콜,2.0
734,릴리 콜린스,12.0
735,릴리 테일러,8.0
736,릴리 프랭키,2.0
737,마가리타 레비에바,2.0
738,마고 로비,12.0
739,마누엘라 벨라스코,2.0
740,마동석,151.99999999999997
741,마드하반,2.0
742,마르케타 이글로바,2.0
743,마르코,2.0
744,마르쿠스 리가드,2.0
745,마르티나 게덱,4.0
746,마리브 헤링턴,2.0
747,마리사 토메이,22.0
748,마리아 벨로,12.0
749,마리오 카사스,2.0
750,마리옹 꼬띠아르,32.0
751,마샤 게이 하든,4.0
752,마야 루돌프,2.0
753,마이크 마이어스,8.0
754,마이크 보겔,4.0
755,마이크 폴락,2.0
756,마이클 B. 조던,18.0
757,마이클 K. 윌리엄스,2.0
758,마이클 갬본,2.0
759,마이클 더글라스,14.0
760,마이클 리스폴리,8.0
761,마이클 바인,2.0
762,마이클 섀넌,6.0
763,마이클 세라,4.0
764,마이클 쉥크스,2.0
765,마이클 쉰,4.0
766,마이클 스탈 데이비드,4.0
767,마이클 스털버그,6.0
768,마이클 안가라노,6.0
769,마이클 엘리,2.0
770,마이클 웨스톤,2.0
771,마이클 윈코트,4.0
772,마이클 잭슨,2.0
773,마이클 케인,64.0
774,마이클 키튼,36.0
775,마이클 패스벤더,60.00000000000001
776,마이클 페나,14.0
777,마이클 피트,4.0
778,마일로 벤티밀리아,2.0
779,마일리 사이러스,4.0
780,마일즈 텔러,10.0
781,마츠다 쇼타,2.0
782,마츠모토 리카,8.0
783,마츠모토 준,2.0
784,마츠야마 켄이치,2.0
785,마츠오카 요시츠구,4.0
786,마크 라이런스,22.0
787,마크 러팔로,88.00000000000001
788,마크 버팔로,2.0
789,마크 스트롱,21.999999999999996
790,마크 앙드레 그롱당,2.0
791,마크 월버그,46.0
792,마크 이바니르,2.0
793,마크 프레드릭스,2.0
794,마크 해밀,14.0
795,마키 요코,4.0
796,마튼 초카스,10.0
797,마티아스 쇼에나에츠,2.0
798,마티아스 슈바이그호퍼,2.0
799,마틴 쉰,12.0
800,마틴 프리먼,46.0
801,막스 본 시도우,18.0
802,막심 고다르,2.0
803,말리 쉘튼,6.0
804,말린 애커맨,8.0
805,매기 그레이스,28.0
806,매기 스미스,2.0
807,매기 질렌할,18.0
808,매기 큐,14.0
809,매들린 캐롤,2.0
810,매즈 미켈슨,20.0
811,매튜 구드,14.0
812,매튜 굿,2.0
813,매튜 그레이 구블러,14.0
814,매튜 루이스,4.0
815,매튜 매커너히,44.0
816,매튜 모딘,6.0
817,매튜 브로데릭,4.0
818,매튜 폭스,24.0
819,매트 프류어,2.0
820,매티유 아맬릭,8.0
821,맥 라이언,2.0
822,맥스 찰스,2.0
823,맥스웰 페리 코튼,4.0
824,맥켄지 포이,4.0
825,맨디 무어,10.0
826,맨디 파틴킨,2.0
827,맷 데이먼,47.99999999999999
828,맷 딜런,2.0
829,맷 보머,4.0
830,맷 패스모어,2.0
831,머라이어 캐리,2.0
832,메간 굿,2.0
833,메간 본,4.0
834,메간 폭스,22.0
835,메리 엘리자베스 윈스티드,12.0
836,메리-루이스 파커,16.0
837,메릴 스트립,28.0
838,멜 깁슨,2.0
839,멜라니 그리피스,6.0
840,멜라니 로랑,12.0
841,멜라니 티에리,2.0
842,멜리사 맥카시,14.0
843,멜리사 조지,2.0
844,모건 C.존스,2.0
845,모건 프리먼,48.0
846,모니카 벨루치,10.0
847,모니카 포터,2.0
848,모레나 바카린,10.0
849,모세 제이콥 스톰,2.0
850,모토키 마사히로,2.0
851,문 블러드굿,12.0
852,문가영,6.0
853,문근영,16.0
854,문남숙,6.0
855,문메이슨,2.0
856,문석범,2.0
857,문성근,20.0
858,문소리,64.0
859,문소연,2.0
860,문예원,8.0
861,문용석,2.0
862,문원주,6.0
863,문재원,2.0
864,문정희,50.0
865,문제영,2.0
866,문채원,32.0
867,미구엘 앙겔 실베스트르,4.0
868,미나미 아키나,2.0
869,미란다 오토,8.0
870,미란다 코스그로브,10.0
871,미레유 에노스,14.0
872,미셸 로드리게즈,10.0
873,미셸 모나한,22.0
874,미쉘 독커리,8.0
875,미쉘 로드리게즈,10.0
876,미쉘 윌리엄스,16.0
877,미쉘 파이퍼,4.0
878,미시 파일,6.0
879,미아 고스,2.0
880,미아 와시코브스카,18.0
881,미아 패로우,4.0
882,미야노 마모루,2.0
883,미야마 카렌,2.0
884,미야무라 유코,4.0
885,미야자키 아오이,6.0
886,미와,2.0
887,미우라 토모카즈,6.0
888,미즈키 나나,4.0
889,미즈타 와사비,21.999999999999996
890,미츠이시 코토노,2.0
891,미카 슬로앳,4.0
892,미키 루크,22.0
893,믹키 섬너,2.0
894,민디 캘링,12.0
895,민성욱,6.0
896,민아,4.0
897,민주홍,2.0
898,민준호,2.0
899,민지현,2.0
900,민진웅,8.0
901,민효린,14.0
902,밀라 요보비치,24.0
903,밀라 쿠니스,16.0
904,밀리센트 시몬스,4.0
905,바네사 레드그레이브,6.0
906,바네사 윌리암스,2.0
907,바네사 허진스,12.0
908,바바라 레니,2.0
909,바바라 팔빈,2.0
910,바바라 허쉬,6.0
911,바비 카나베일,8.0
912,바비 캠포,2.0
913,바하르 파르스,2.0
914,박경혜,2.0
915,박규리,2.0
916,박그리나,6.0
917,박근형,24.0
918,박기웅,20.0
919,박기원,2.0
920,박두식,2.0
921,박명수,4.0
922,박민규,6.0
923,박민영,4.0
924,박민지,2.0
925,박민하,10.0
926,박병은,22.000000000000004
927,박보검,6.0
928,박보영,70.0
929,박사라,2.0
930,박사랑,18.0
931,박산다라,2.0
932,박상규,16.0
933,박상욱,6.0
934,박상훈,8.0
935,박서준,22.0
936,박성광,4.0
937,박성연,2.0
938,박성웅,87.99999999999999
939,박성진,2.0
940,박성훈,8.0
941,박세영,4.0
942,박소담,16.0
943,박소영,2.0
944,박소현,2.0
945,박솔미,4.0
946,박수민,2.0
947,박수영,16.0
948,박수용,2.0
949,박승찬,4.0
950,박시연,14.0
951,박시영,2.0
952,박시후,8.0
953,박신양,14.0
954,박신혜,56.0
955,박연미,2.0
956,박연진,2.0
957,박영규,12.0
958,박영남,6.0
959,박영석,6.0
960,박예슬,2.0
961,박예진,10.0
962,박용우,22.0
963,박용제,6.0
964,박용하,6.0
965,박원상,70.0
966,박원재,8.0
967,박유경,2.0
968,박유천,8.0
969,박유택,4.0
970,박윤식,6.0
971,박윤주,2.0
972,박윤호,10.0
973,박은빈,4.0
974,박은영,2.0
975,박은진,2.0
976,박은혜,2.0
977,박인정,4.0
978,박인환,22.0
979,박장면,4.0
980,박재범,2.0
981,박재영,6.0
982,박재우,10.0
983,박정민,44.0
984,박정오,2.0
985,박정준,2.0
986,박정철,2.0
987,박정학,2.0
988,박정현,2.0
989,박정호,4.0
990,박정희,2.0
991,박조호,2.0
992,박종원,2.0
993,박종윤,2.0
994,박종호,2.0
995,박종환,2.0
996,박주미,6.0
997,박주연,6.0
998,박주희,2.0
999,박준규,6.0
1000,박준면,2.0
1001,박준형,2.0
1002,박준호,2.0
1003,박준환,2.0
1004,박중훈,34.0
1005,박지선,6.0
1006,박지연,4.0
1007,박지영,12.0
1008,박지원,2.0
1009,박지윤,6.0
1010,박지은,6.0
1011,박지현,8.0
1012,박지환,2.0
1013,박지훈,2.0
1014,박진수,2.0
1015,박진영,4.0
1016,박진우,12.0
1017,박진주,6.0
1018,박진희,6.0
1019,박철민,74.0
1020,박충선,2.0
1021,박태영,4.0
1022,박팔영,2.0
1023,박하선,22.0
1024,박한별,12.0
1025,박해빛나,6.0
1026,박해일,86.0
1027,박해준,18.0
1028,박해진,2.0
1029,박혁권,54.0
1030,박현,2.0
1031,박현진,2.0
1032,박형서,2.0
1033,박형식,2.0
1034,박혜미,2.0
1035,박혜선,2.0
1036,박혜수,6.0
1037,박혜숙,16.0
1038,박혜준,2.0
1039,박호진,2.0
1040,박효신,2.0
1041,박효주,26.0
1042,박희순,92.0
1043,박희은,2.0
1044,박희정,2.0
1045,반민정,2.0
1046,발 킬머,2.0
1047,발리에리 르메르시,2.0
1048,밥 피터슨,6.0
1049,방연지,4.0
1050,방유설,6.0
1051,배두나,30.0
1052,배성민,6.0
1053,배성우,72.0
1054,배소은,2.0
1055,배수빈,14.0
1056,배수지,14.0
1057,배유람,4.0
1058,배유리,2.0
1059,배정미,2.0
1060,배종옥,4.0
1061,배준수,6.0
1062,배중식,2.0
1063,배진홍,2.0
1064,배한성,8.0
1065,배형준,2.0
1066,백도빈,6.0
1067,백동현,6.0
1068,백설아,4.0
1069,백성기,12.0
1070,백성현,10.0
1071,백수련,2.0
1072,백승일,2.0
1073,백승환,4.0
1074,백윤식,70.0
1075,백일섭,8.0
1076,백지원,2.0
1077,백진희,2.0
1078,백현익,4.0
1079,뱅상 카셀,16.0
1080,버지니아 가드너,2.0
1081,버지니아 매드슨,2.0
1082,버튼 페레즈,8.0
1083,번 고먼,6.0
1084,번 코엔,2.0
1085,베네딕트 컴버배치,56.0
1086,베니치오 델 토로,8.0
1087,베라 파미가,26.0
1088,베레니스 말로에,8.0
1089,베레니스 베조,2.0
1090,베르나르드 포처,2.0
1091,베르너 헤어조크,4.0
1092,베아트리즈 베르시아노,2.0
1093,베키 지,2.0
1094,베트 미들러,2.0
1095,베티 버클리,6.0
1096,베티 화이트,2.0
1097,벤 멘델슨,10.0
1098,벤 반스,8.0
1099,벤 버트,6.0
1100,벤 스틸러,36.0
1101,벤 애플렉,34.0
1102,벤 위쇼,14.0
1103,벤 채플린,2.0
1104,벤 킹슬리,58.0
1105,벤 포스터,20.0
1106,벤자민 브랫,10.0
1107,벤자민 워커,6.0
1108,벨렌 루에다,6.0
1109,벳시 러셀,2.0
1110,변영희,2.0
1111,변요한,14.0
1112,변준석,2.0
1113,변현우,2.0
1114,변희봉,18.0
1115,보라,2.0
1116,보아,6.0
1117,보이드 홀브룩,12.0
1118,보자나 노바코빅,2.0
1119,보킴 우드바인,2.0
1120,봉태규,4.0
1121,브누아 브리에르,2.0
1122,브누와 뽀엘부르드,4.0
1123,브라이스 달라스 하워드,18.0
1124,브라이언 게라그티,2.0
1125,브라이언 콕스,8.0
1126,브라이언 크랜스톤,8.0
1127,브래드 윌리엄 헨크,6.0
1128,브래드 피트,50.0
1129,브래들리 쿠퍼,38.0
1130,브래들리 휘트포드,8.0
1131,브랜든 T. 잭슨,4.0
1132,브렌단 글리슨,12.0
1133,브렌든 프레이저,26.0
1134,브렌튼 스웨이츠,20.0
1135,브루노 캄포스,2.0
1136,브루스 그린우드,2.0
1137,브루스 윌리스,38.0
1138,브룩클린 데커,8.0
1139,브리 라슨,8.0
1140,브리아나 에비건,12.0
1141,브리아나 힐데브란드,10.0
1142,브리짓 모나핸,8.0
1143,브리타니 다니엘,4.0
1144,브릿 로버트슨,2.0
1145,브릿 쇼,2.0
1146,블레이크 라이블리,8.0
1147,블레이크 제너,2.0
1148,비 방,2.0
1149,비고 모텐슨,2.0
1150,비비카 A. 폭스,6.0
1151,비올라 데이비스,6.0
1152,비욘세 놀즈,4.0
1153,빅토리아,2.0
1154,빈 디젤,58.0
1155,빈센트 도노프리오,20.0
1156,빌 나이,28.0
1157,빌 머레이,12.0
1158,빌 스카스가드,4.0
1159,빌 팩스톤,14.0
1160,빌 풀만,8.0
1161,빌 헤이더,34.0
1162,빌리 버크,2.0
1163,빌리 코놀리,6.0
1164,빌리 크루덥,12.0
1165,빌리 크리스탈,4.0
1166,빙 라메스,8.0
1167,사나다 히로유키,6.0
1168,사라 라이트,2.0
1169,사라 로머,2.0
1170,사라 미셀 겔러,2.0
1171,사라 볼거,4.0
1172,사라 스누크,4.0
1173,사라 웨인 콜리스,10.0
1174,사라 제시카 파커,12.0
1175,사라 팩스톤,4.0
1176,사라 폴리,2.0
1177,사라 폴슨,4.0
1178,사만다 모튼,16.0
1179,사무엘 L. 잭슨,68.0
1180,사문영,10.0
1181,사사키 노조미,4.0
1182,사우,2.0
1183,사이먼 베이커,2.0
1184,사이먼 페그,56.0
1185,사이토 아야카,2.0
1186,사정봉,2.0
1187,사챠 바론 코헨,4.0
1188,사카구치 켄타로,2.0
1189,사카모토 마아야,2.0
1190,사카이 마사토,2.0
1191,사쿠라바 나나미,2.0
1192,사크릿 얌냠,2.0
1193,사토 리카,2.0
1194,사토 타케루,2.0
1195,산드라 블록,22.0
1196,산야 말호트라,2.0
1197,산페이 유코,2.0
1198,살림 케치우셰,2.0
1199,샐리 필드,14.0
1200,샐리 헤닝,2.0
1201,샐리 호킨스,10.0
1202,샘 닐,4.0
1203,샘 러너,2.0
1204,샘 록웰,4.0
1205,샘 오취리,2.0
1206,샘 워싱턴,62.000000000000014
1207,샘 클라플린,6.0
1208,샤니 빈슨,4.0
1209,샤니 스미스,2.0
1210,샤룩 칸,2.0
1211,샤를로뜨 갱스부르,2.0
1212,샤를리즈 테론,44.0
1213,샤무스 데이비 피츠패트릭,2.0
1214,샤이아 라보프,70.0
1215,샤키라,12.0
1216,샬롯 라일리,4.0
1217,샬롯 램플링,2.0
1218,샬롯 르 본,4.0
1219,샬토 코플리,18.0
1220,샹탈 로비,2.0
1221,서광재,2.0
1222,서교,8.0
1223,서기,2.0
1224,서동수,12.0
1225,서미지,10.0
1226,서민균,10.0
1227,서민석,4.0
1228,서민지,2.0
1229,서범석,2.0
1230,서성만,2.0
1231,서신애,4.0
1232,서영,4.0
1233,서영제,2.0
1234,서영주,6.0
1235,서영화,10.0
1236,서영희,20.0
1237,서우,6.0
1238,서원석,2.0
1239,서인국,2.0
1240,서재경,2.0
1241,서준영,4.0
1242,서지연,4.0
1243,서태화,2.0
1244,서하늬,6.0
1245,서해림,4.0
1246,서현,10.0
1247,서현우,6.0
1248,서현진,10.0
1249,서현철,4.0
1250,서홍석,2.0
1251,서효림,2.0
1252,서희원,4.0
1253,석승훈,2.0
1254,석정현,8.0
1255,석정호,6.0
1256,선우선,18.0
1257,선우용녀,2.0
1258,선자 손,6.0
1259,설경구,114.00000000000003
1260,설리반 스탭플턴,6.0
1261,설지윤,2.0
1262,설현,16.0
1263,성기욱,4.0
1264,성동명,2.0
1265,성동일,139.99999999999997
1266,성룡,56.0
1267,성병숙,2.0
1268,성상배,4.0
1269,성유리,10.0
1270,성유빈,16.0
1271,성준,10.0
1272,성지루,18.0
1273,성지혜,2.0
1274,세드릭 더 엔터테이너,2.0
1275,세바스찬 냅,2.0
1276,세바스찬 스탠,20.0
1277,세스 로건,22.0
1278,세스 맥팔레인,10.0
1279,세키 토모카즈,2.0
1280,세키네 츠토무,2.0
1281,세토 코지,4.0
1282,세프론 버로우스,4.0
1283,셀레나 고메즈,8.0
1284,셀리아 임리,4.0
1285,셀마 블레어,2.0
1286,셀마 헤이엑,14.0
1287,셔먼 조쉬,2.0
1288,셜리 맥클레인,4.0
1289,셰릴 하인즈,2.0
1290,소메타니 쇼타,6.0
1291,소연,6.0
1292,소이현,2.0
1293,소주영,6.0
1294,소지섭,44.0
1295,소피 맥쉐라,4.0
1296,소피아 릴리스,4.0
1297,소피아 바실리에바,2.0
1298,소피아 베르가라,2.0
1299,소피아 부텔라,12.0
1300,소피아 블랙 디엘리아,2.0
1301,손경구,2.0
1302,손광익,4.0
1303,손민구,2.0
1304,손병호,8.0
1305,손봉수,4.0
1306,손상현,2.0
1307,손세빈,6.0
1308,손소영,4.0
1309,손숙,10.0
1310,손승현,2.0
1311,손예진,90.00000000000001
1312,손은서,8.0
1313,손인용,8.0
1314,손정민,2.0
1315,손정희,4.0
1316,손종우,2.0
1317,손지연,2.0
1318,손태영,2.0
1319,손현수,4.0
1320,손현우,8.0
1321,손현주,56.0
1322,손호승,2.0
1323,손호준,8.0
1324,송강호,174.00000000000003
1325,송길한,2.0
1326,송민정,4.0
1327,송병철,4.0
1328,송상우,2.0
1329,송새벽,30.0
1330,송선미,2.0
1331,송성호,2.0
1332,송수현,2.0
1333,송승헌,22.0
1334,송영창,70.0
1335,송옥숙,2.0
1336,송요셉,10.0
1337,송용진,2.0
1338,송용호,2.0
1339,송운화,2.0
1340,송윤아,8.0
1341,송윤영,2.0
1342,송율규,4.0
1343,송은정,12.0
1344,송재림,2.0
1345,송재호,6.0
1346,송재희,6.0
1347,송준석,2.0
1348,송중기,44.0
1349,송지혜,4.0
1350,송지효,46.0
1351,송창용,2.0
1352,송창의,6.0
1353,송하림,2.0
1354,송하윤,18.0
1355,송혁조,4.0
1356,송현,2.0
1357,송혜교,10.0
1358,송혜진,2.0
1359,숀 로버츠,4.0
1360,숀 빈,8.0
1361,숀 애쉬모어,2.0
1362,숀 패리스,2.0
1363,숀 펜,8.0
1364,수라즈 샤르마,6.0
1365,수애,32.0
1366,수영,4.0
1367,수잔 서랜든,2.0
1368,수잔 클레망,2.0
1369,수지 에스먼,4.0
1370,쉐인 웨스트,2.0
1371,쉐일린 우들리,10.0
1372,쉬판,2.0
1373,슈어나 맥도널드,2.0
1374,슝다이린,4.0
1375,스기사키 하나,4.0
1376,스기야마 노리아키,2.0
1377,스눕 독,6.0
1378,스카티 톰슨,4.0
1379,스칼렛 요한슨,120.0
1380,스캇 스피드맨,2.0
1381,스캔더 킨즈,6.0
1382,스콧 애짓,8.0
1383,스콧 앳킨스,16.0
1384,스콧 이스트우드,22.0
1385,스콧 패터슨,2.0
1386,스쿳 맥네이리,10.0
1387,스탠리 투치,20.0
1388,스털링 제린스,6.0
1389,스테이시 마틴,4.0
1390,스테파니 스콧,4.0
1391,스테파니 시그만,6.0
1392,스테판 머천트,8.0
1393,스텔란 스카스가드,20.0
1394,스튜어트 타운젠드,6.0
1395,스티브 마틴,4.0
1396,스티브 부세미,22.0
1397,스티브 오스틴,2.0
1398,스티브 잔,10.0
1399,스티브 카렐,34.0
1400,스티브 쿠건,8.0
1401,스티븐 랭,6.0
1402,스티븐 볼드윈,2.0
1403,스티븐 스트레이트,6.0
1404,스티븐 아멜,2.0
1405,스티븐 연,4.0
1406,스티븐 캠벨 무어,4.0
1407,스티븐 토보로스키,2.0
1408,스티븐 파스퀄,2.0
1409,스펜서 로크,8.0
1410,승리,4.0
1411,시고니 위버,50.0
1412,시다 미라이,6.0
1413,시드 바벳 크누센,4.0
1414,시릴 라파엘리,4.0
1415,시마자키 노부나가,10.0
1416,시바사키 코우,2.0
1417,시손 쥰,2.0
1418,시아란 힌즈,4.0
1419,시얼샤 로넌,12.0
1420,시에나 길로리,8.0
1421,시에나 밀러,12.0
1422,시영준,4.0
1423,시우민,8.0
1424,시원,2.0
1425,신강우,2.0
1426,신경선,4.0
1427,신구,14.0
1428,신다영,2.0
1429,신다은,8.0
1430,신동미,14.0
1431,신동수,4.0
1432,신동엽,2.0
1433,신동현,2.0
1434,신동훈,10.0
1435,신동희(신동),2.0
1436,신린아,6.0
1437,신명철,4.0
1438,신민섭,2.0
1439,신민아,18.0
1440,신민철,12.0
1441,신봉선,2.0
1442,신상열,4.0
1443,신성록,32.0
1444,신성훈,2.0
1445,신세경,24.0
1446,신소영,2.0
1447,신소율,34.0
1448,신승환,4.0
1449,신시아 닉슨,8.0
1450,신신애(신금애),8.0
1451,신영선,2.0
1452,신영훈,6.0
1453,신용우,18.0
1454,신용철,6.0
1455,신은경,2.0
1456,신은수,4.0
1457,신은정,4.0
1458,신이,8.0
1459,신정근,44.0
1460,신정원,4.0
1461,신정훈,6.0
1462,신정희,2.0
1463,신종민,2.0
1464,신종훈,2.0
1465,신준호,2.0
1466,신지뢰,2.0
1467,신지수,10.0
1468,신지훈,2.0
1469,신창수,16.0
1470,신하균,54.0
1471,신현빈,4.0
1472,신현숙,2.0
1473,신현준,12.0
1474,신현탁,18.0
1475,신혜선,6.0
1476,실베스터 스탤론,10.0
1477,실비아 획스,2.0
1478,심규혁,4.0
1479,심순주,2.0
1480,심은경,106.00000000000001
1481,심은진,2.0
1482,심이영,2.0
1483,심재원,4.0
1484,심지호,10.0
1485,심철민,2.0
1486,심형래,8.0
1487,심형탁,2.0
1488,심혜정,4.0
1489,심혜진,4.0
1490,심호성,10.0
1491,싸이(박재상),2.0
1492,써니,2.0
1493,씨씨 스페이식,2.0
1494,아나 디 아르마스,2.0
1495,아네트 베닝,8.0
1496,아놀드 슈왈제네거,16.0
1497,아담 드라이버,12.0
1498,아담 드바인,14.0
1499,아담 샌들러,16.0
1500,아담 스콧,4.0
1501,아델 에그자르코풀로스,2.0
1502,아드리아 아르조나,6.0
1503,아드리안 알론소,2.0
1504,아락 아몬수파시리,2.0
1505,아론 에크하트,30.0
1506,아론 크렙스,2.0
1507,아론 폴,10.0
1508,아르노 비야르,2.0
1509,아리무라 카스미,2.0
1510,아리아나 그란데,2.0
1511,아리안 라베드,2.0
1512,아리엘 윈터,2.0
1513,아마미 유키,6.0
1514,아만다 라이거티,2.0
1515,아만다 사이프리드,52.0
1516,아만다 피트,14.0
1517,아메리카 페레라,10.0
1518,아미 해머,16.0
1519,아미라 캐사,2.0
1520,아미르 칸,4.0
1521,아미타브 바흐찬,4.0
1522,아베 사다오,2.0
1523,아베 아츠시,2.0
1524,아베 츠요시,2.0
1525,아베 히로시,2.0
1526,아비게일 브레스린,10.0
1527,아사 버터필드,14.0
1528,아사노 타다노부,4.0
1529,아스트리드 베흐제-프리스베,2.0
1530,아야세 하루카,2.0
1531,아우이 크라발호,8.0
1532,아이리스 바,2.0
1533,아이비 조지,2.0
1534,아이쉬와라 라이,2.0
1535,아이유,6.0
1536,아이자와 리나,2.0
1537,아이작 햄스터드 라이트,2.0
1538,아일라 피셔,18.0
1539,안길강,10.0
1540,안나 와게너,2.0
1541,안나 켄드릭,12.0
1542,안나 패리스,8.0
1543,안나 허치슨,2.0
1544,안나소피아 롭,2.0
1545,안내상,6.0
1546,안노 히데아키,2.0
1547,안도규,2.0
1548,안드레 브라우퍼,4.0
1549,안병경,2.0
1550,안서현,6.0
1551,안성기,54.0
1552,안세하,18.0
1553,안셀 엘고트,10.0
1554,안소니 마키,22.0
1555,안소니 홉킨스,48.0
1556,안소희,14.0
1557,안승균,2.0
1558,안야 테일러 조이,6.0
1559,안영미,2.0
1560,안용욱,2.0
1561,안윤상,2.0
1562,안은새,2.0
1563,안장혁,2.0
1564,안재현,4.0
1565,안재홍,24.0
1566,안젤라 랜스베리,4.0
1567,안젤라 바셋,18.0
1568,안젤리나 졸리,66.0
1569,안지걸,2.0
1570,안철호,2.0
1571,안토니-올리버 피론,2.0
1572,안토니오 반데라스,20.0
1573,안톤 옐친,28.000000000000004
1574,안현서,2.0
1575,안혜경,2.0
1576,안혜정,2.0
1577,안효민,4.0
1578,알 파치노,10.0
1579,알디스 호지,4.0
1580,알란 릭맨,4.0
1581,알란 아킨,2.0
1582,알란 커밍,4.0
1583,알란 터딕,8.0
1584,알렉 볼드윈,44.0
1585,알렉사 다바로스,8.0
1586,알렉산더 디퍼시아,6.0
1587,알렉산더 스카스가드,14.0
1588,알렉산더 시디그,2.0
1589,알렉산드라 로치,2.0
1590,알렉산드로 니볼라,2.0
1591,알렉산드리아 다다리오,10.0
1592,알렉세이 구스코프,2.0
1593,알렉스 러셀,2.0
1594,알렉스 로,2.0
1595,알렉스 페티퍼,8.0
1596,알리 라터,4.0
1597,알리스 브라가,10.0
1598,알리슨 로먼,2.0
1599,알리슨 브리,2.0
1600,알리슨 스토너,4.0
1601,알리시아 벨라 베일리,14.0
1602,알리시아 비칸데르,22.0
1603,알리시아 위트,2.0
1604,알버트 브룩스,8.0
1605,알버트 피니,6.0
1606,알프레 우다드,4.0
1607,앙드레 홀랜드,2.0
1608,애나벨 월리스,14.0
1609,애너리즈 바쏘,2.0
1610,애니카 노니 로즈,2.0
1611,애덤 G. 세바니,12.0
1612,애덤 리바인,10.0
1613,애드리안 롤린스,2.0
1614,애드리앤 팰리키,8.0
1615,애드리언 브로디,16.0
1616,애런 존슨,8.0
1617,애비 리,4.0
1618,애비 코니시,14.0
1619,애셔 북,4.0
1620,애쉬튼 커처,12.0
1621,애슐리 벤슨,4.0
1622,애슐리 벨,2.0
1623,애슐리 힌쇼,2.0
1624,앤 도벌,2.0
1625,앤 르니,2.0
1626,앤 해서웨이,90.0
1627,앤 헤이시,2.0
1628,앤-마리 듀프,2.0
1629,앤드류 가필드,32.0
1630,앤드류 라넬스,10.0
1631,앤드리아 리즈브로프,6.0
1632,앤디 가르시아,12.0
1633,앤디 딕,2.0
1634,앤디 샘버그,12.0
1635,앤디 서키스,24.0
1636,앤서니 곤잘레스,10.0
1637,앤슨 마운트,8.0
1638,앨런 리치슨,2.0
1639,앨런 에반젤리스타,2.0
1640,앨런 포드,2.0
1641,앨리스 브라가,2.0
1642,앨리스 앤글레르트,2.0
1643,앨리스 이브,2.0
1644,앨리슨 미칼카,2.0
1645,앨리슨 수돌,12.0
1646,앨리슨 윌리암스,8.0
1647,앨리슨 제니,8.0
1648,앰버 발레타,2.0
1649,야마구치 유리코,2.0
1650,야마구치 캇페이,10.0
1651,야마구치 토모코,6.0
1652,야마다 료스케,2.0
1653,야마데라 코이치,4.0
1654,야마모토 유스케,2.0
1655,야마자키 와카나,20.0
1656,야마자키 츠토무,2.0
1657,야지마 아키코,6.0
1658,야쿠쇼 코지,2.0
1659,양가휘,4.0
1660,양동근,12.0
1661,양상국,2.0
1662,양세나,2.0
1663,양영조,8.0
1664,양유진,2.0
1665,양익준,2.0
1666,양자경,10.0
1667,양정원,2.0
1668,양정화,8.0
1669,양조위,22.0
1670,양진성,2.0
1671,양진우,8.0
1672,양채니,2.0
1673,양희정,2.0
1674,어주선,2.0
1675,엄기준,12.0
1676,엄상현,42.0
1677,엄정화,66.0
1678,엄지원,76.0
1679,엄태구,24.0
1680,엄태웅,56.0
1681,에단 호크,22.0
1682,에드 스크레인,12.0
1683,에드 옥슨볼드,2.0
1684,에드 웨스트윅,2.0
1685,에드 해리스,30.0
1686,에드 헬름스,4.0
1687,에드가 라미레즈,6.0
1688,에드가 킨테로,2.0
1689,에드워드 노튼,16.0
1690,에드워드 번즈,2.0
1691,에드워드 애스너,6.0
1692,에디 레드메인,16.0
1693,에디 머피,10.0
1694,에디 이자드,2.0
1695,에리카 크리스틴슨,2.0
1696,에리크 에부아니,2.0
1697,에릭 댄,2.0
1698,에릭 라 살,8.0
1699,에릭 라딘,4.0
1700,에릭 바나,15.999999999999998
1701,에릭 벌포,4.0
1702,에릭 스튜어트,2.0
1703,에릭 엘모스니노,2.0
1704,에릭 크리스찬 올슨,2.0
1705,에미 로섬,4.0
1706,에밀 허쉬,6.0
1707,에밀리 바클레이,2.0
1708,에밀리 브라우닝,10.0
1709,에밀리 블런트,34.0
1710,에밀리 왓슨,6.0
1711,에밀리아 클라크,14.0
1712,에바 그린,20.0
1713,에바 멘데스,4.0
1714,에반 레이첼 우드,2.0
1715,에반젤린 릴리,8.0
1716,에비사와 켄지,2.0
1717,에스더 가렐,2.0
1718,에이단 길렌,2.0
1719,에이미 아담스,38.0
1720,에이미 포엘러,12.0
1721,에이자 곤잘레스,4.0
1722,에즈라 밀러,6.0
1723,엘든 이렌리치,2.0
1724,엘라 콜트레인,2.0
1725,엘레나 아나야,8.0
1726,엘레나 크니틸라,2.0
1727,엘렌 드제너스,8.0
1728,엘렌 페이지,30.0
1729,엘로디 퐁탕,2.0
1730,엘르 패닝,16.0
1731,엘리 켐퍼,8.0
1732,엘리너 톰린슨,4.0
1733,엘리사 나이트,6.0
1734,엘리자 베넷,4.0
1735,엘리자베스 데비키,2.0
1736,엘리자베스 데일리,2.0
1737,엘리자베스 리저,2.0
1738,엘리자베스 뱅크스,12.0
1739,엘리자베스 슈,4.0
1740,엘리자베스 올슨,8.0
1741,엘리자베스 퍼킨스,2.0
1742,엘리자베스 하노이스,2.0
1743,엘튼 존,12.0
1744,엠마 스톤,43.99999999999999
1745,엠마 왓슨,54.0
1746,엠마 톰슨,26.0
1747,엠마누엘 리바,2.0
1748,엠마누엘 자이그너,2.0
1749,엠버 허드,6.0
1750,엠제이 안소니,2.0
1751,여명,6.0
1752,여문락,2.0
1753,여민정,10.0
1754,여욱환,10.0
1755,여윤미,2.0
1756,여진구,18.0
1757,연상호,6.0
1758,연우진,16.0
1759,연준석,2.0
1760,염정아,32.0
1761,염혜란,10.0
1762,영건,6.0
1763,예지원,10.0
1764,오가타 메구미,4.0
1765,오가타 켄이치,2.0
1766,오광록,10.0
1767,오구리 슌,4.0
1768,오나가 마키,2.0
1769,오나라,12.0
1770,오노 마치코,2.0
1771,오노 켄쇼,4.0
1772,오노 켄토,2.0
1773,오니라 람윌라이,2.0
1774,오다기리 죠,12.0
1775,오달수,298.0
1776,오대환,6.0
1777,오데드 페르,4.0
1778,오데뜨 유스트만,6.0
1779,오데야 러쉬,2.0
1780,오드리 토투,4.0
1781,오라 가리도,2.0
1782,오리카사 후미코,2.0
1783,오마 사이,14.0
1784,오만석,4.0
1785,오사와 타카오,2.0
1786,오상철,10.0
1787,오성수,4.0
1788,오세홍,2.0
1789,오수아,2.0
1790,오스기 렌,6.0
1791,오스카 아이삭,26.0
1792,오스카 제나다,2.0
1793,오스틴 스토웰,2.0
1794,오아연,8.0
1795,오언조,4.0
1796,오연서,12.0
1797,오연수,4.0
1798,오영순,2.0
1799,오오이즈미 요,2.0
1800,오오타니 이쿠에,8.0
1801,오오하라 메구미,14.000000000000002
1802,오웬 윌슨,26.0
1803,오인실,4.0
1804,오자와 료타,2.0
1805,오재균,4.0
1806,오정세,50.00000000000001
1807,오종혁,2.0
1808,오지혜,10.0
1809,오지호,22.0
1810,오카무라 아케미,2.0
1811,오쿠다 에이지,2.0
1812,오크스 페글리,2.0
1813,오태경,4.0
1814,오프라 윈프리,4.0
1815,오하늬,4.0
1816,옥타비아 스펜서,8.0
1817,옥택연,8.0
1818,옥한흠,2.0
1819,온주완,18.0
1820,올가 쿠릴렌코,20.0
1821,올랜도 블룸,30.0
1822,올리버 플랫,14.0
1823,올리비아 데종,2.0
1824,올리비아 문,2.0
1825,올리비아 썰비,2.0
1826,올리비아 와일드,4.0
1827,올리비아 윌리엄스,4.0
1828,올리비아 쿡,10.0
1829,와타나베 켄,4.0
1830,와타나베 쿠미코,2.0
1831,왕대륙,2.0
1832,왕리홍,2.0
1833,왕석현,22.0
1834,왕자문,2.0
1835,왕지혜,2.0
1836,요 키미코,2.0
1837,요한 필리프 아스베크,10.0
1838,욜랭드 모로,2.0
1839,우디 앨런,2.0
1840,우디 해럴슨,48.0
1841,우마 서먼,10.0
1842,우상기,2.0
1843,우스이 마사히로,2.0
1844,우에노 주리,2.0
1845,우에다 유지,2.0
1846,우에토 아야,2.0
1847,우정신,6.0
1848,우현,2.0
1849,우혜영,8.0
1850,우혜진,18.0
1851,워드 호튼,4.0
1852,원빈,24.0
1853,월터 페레즈,4.0
1854,월튼 고긴스,8.0
1855,웨스 벤틀리,2.0
1856,웨스 차담,2.0
1857,웨슬리 스나입스,4.0
1858,웨인 그레이슨,2.0
1859,웬트워스 밀러,6.0
1860,위하준,8.0
1861,위훈,2.0
1862,윌 스미스,40.0
1863,윌 아넷,8.0
1864,윌 윤 리,6.0
1865,윌 켐프,6.0
1866,윌 패튼,2.0
1867,윌 페렐,6.0
1868,윌 펠츠,2.0
1869,윌 폴터,20.0
1870,윌렘 데포,30.0
1871,윌리엄 모즐리,6.0
1872,윌리엄 볼드윈,2.0
1873,윌리엄 새들러,2.0
1874,윌리엄 피츠너,8.0
1875,윌머 발데라마,2.0
1876,유가령,2.0
1877,유다 르위스,2.0
1878,유다인,27.999999999999996
1879,유덕화,14.0
1880,유동근,8.0
1881,유리 로웬탈,6.0
1882,유선,28.0
1883,유세형,2.0
1884,유수호,2.0
1885,유승목,30.0
1886,유승호,36.0
1887,유신애,4.0
1888,유아인,76.0
1889,유역비,12.0
1890,유연석,40.0
1891,유엽,2.0
1892,유영,6.0
1893,유오성,22.0
1894,유윤상,4.0
1895,유인나,8.0
1896,유인영,4.0
1897,유재명,6.0
1898,유재상,6.0
1899,유재석,2.0
1900,유종근,2.0
1901,유준상,40.0
1902,유지니오 델베즈,2.0
1903,유지연,16.0
1904,유지태,32.0
1905,유진,6.0
1906,유진영,2.0
1907,유카,2.0
1908,유키 아오이,14.0
1909,유태웅,2.0
1910,유해진,229.99999999999994
1911,유현주,2.0
1912,유호정,18.0
1913,윤계상,46.0
1914,윤다경,8.0
1915,윤다훈,2.0
1916,윤상현,4.0
1917,윤석현,2.0
1918,윤세아,12.0
1919,윤세웅,8.0
1920,윤소라,2.0
1921,윤소정,6.0
1922,윤승아,4.0
1923,윤승희,10.0
1924,윤시윤,4.0
1925,윤아,18.0
1926,윤아영,2.0
1927,윤안나,2.0
1928,윤여정,45.99999999999999
1929,윤용식,2.0
1930,윤유선,2.0
1931,윤은혜,2.0
1932,윤이나,2.0
1933,윤정원,2.0
1934,윤정희,10.0
1935,윤제문,70.0
1936,윤종호,2.0
1937,윤주상,2.0
1938,윤지수,2.0
1939,윤지원,2.0
1940,윤진서,8.0
1941,윤진이,4.0
1942,윤진하,4.0
1943,윤찬영,2.0
1944,윤채이,2.0
1945,윤하,6.0
1946,윤현아,2.0
1947,윤형빈,4.0
1948,윤효진,2.0
1949,윤희석,14.0
1950,은원재,2.0
1951,은지원,4.0
1952,이강빈,2.0
1953,이강욱,2.0
1954,이경규,2.0
1955,이경근,6.0
1956,이경영,196.00000000000006
1957,이경준,2.0
1958,이경진,6.0
1959,이경태,6.0
1960,이계인,4.0
1961,이광수,30.0
1962,이광훈,2.0
1963,이규섭,2.0
1964,이규한,6.0
1965,이규형,2.0
1966,이금희,2.0
1967,이기광,6.0
1968,이기영,2.0
1969,이기우,10.0
1970,이기욱,2.0
1971,이기홍,26.0
1972,이나영,10.0
1973,이노우에 마사히로,2.0
1974,이노우에 마오,2.0
1975,이다 엥볼,2.0
1976,이다윗,30.0
1977,이다희,12.0
1978,이달형,12.0
1979,이대수,2.0
1980,이대연,4.0
1981,이도겸,4.0
1982,이도경,6.0
1983,이도아,2.0
1984,이동규,4.0
1985,이동길,2.0
1986,이동욱,2.0
1987,이동진,6.0
1988,이동휘,36.0
1989,이드리스 엘바,50.00000000000001
1990,이디나 멘젤,24.0
1991,이레,14.0
1992,이르판 칸,10.0
1993,이리나 샤크,2.0
1994,이리노 미유,6.0
1995,이명박,2.0
1996,이모겐 푸츠,2.0
1997,이몬 파렌,2.0
1998,이문수,10.0
1999,이문식,14.0
2000,이미도,18.0
2001,이미소,4.0
2002,이미숙,12.0
2003,이미연,10.0
2004,이미자,10.0
2005,이민기,72.0
2006,이민아,2.0
2007,이민우,2.0
2008,이민정,18.0
2009,이민호,24.0
2010,이범규,4.0
2011,이범수,55.99999999999999
2012,이병준,28.0
2013,이병헌,146.0
2014,이보영,10.0
2015,이봉화,2.0
2016,이사벨 루카스,2.0
2017,이사벨 퍼만,6.0
2018,이사벨라 모너,2.0
2019,이삼순,8.0
2020,이상엽,2.0
2021,이상우,4.0
2022,이상윤,6.0
2023,이상철,2.0
2024,이상현,12.0
2025,이상호,10.0
2026,이상훈,2.0
2027,이상희,8.0
2028,이새별,14.0
2029,이새아,2.0
2030,이서영,2.0
2031,이서진,6.0
2032,이석준,6.0
2033,이선,16.0
2034,이선균,64.00000000000001
2035,이선영,6.0
2036,이선호,4.0
2037,이성민,72.0
2038,이성배,4.0
2039,이성재,4.0
2040,이성훈,8.0
2041,이세야 유스케,2.0
2042,이세영,8.0
2043,이소영,2.0
2044,이소은,2.0
2045,이소정,2.0
2046,이솜,14.0
2047,이수경,4.0
2048,이수근,2.0
2049,이수나,2.0
2050,이수민,24.0
2051,이수빈,2.0
2052,이수진,2.0
2053,이수혁,8.0
2054,이순재,26.0
2055,이스라엘 브로우사드,6.0
2056,이승기,12.0
2057,이승민,6.0
2058,이승연,4.0
2059,이승욱,8.0
2060,이승주,6.0
2061,이승준,20.0
2062,이승하,2.0
2063,이승훈,10.0
2064,이시언,6.0
2065,이시영,36.0
2066,이시카와 유이,2.0
2067,이시하라 사토미,2.0
2068,이아이,4.0
2069,이아인 글렌,4.0
2070,이아현,2.0
2071,이안 그루퍼드,6.0
2072,이안 맥쉐인,14.0
2073,이안 맥켈런,30.0
2074,이안 보헨,2.0
2075,이엘,8.0
2076,이여진,6.0
2077,이연걸,28.0
2078,이연희,20.0
2079,이영란,2.0
2080,이영수,6.0
2081,이영아,2.0
2082,이영은,2.0
2083,이영훈,4.0
2084,이오인 맥큰,2.0
2085,이와 위클란더,2.0
2086,이와세 료,2.0
2087,이완,18.0
2088,이완 맥그리거,40.0
2089,이요원,12.0
2090,이용신,4.0
2091,이원근,4.0
2092,이원종,6.0
2093,이원찬,2.0
2094,이유영,14.0
2095,이유진,10.0
2096,이윤지,2.0
2097,이은,2.0
2098,이은아,4.0
2099,이은지,2.0
2100,이이다 리호,2.0
2101,이인성,4.0
2102,이일화,4.0
2103,이자벨 위페르,2.0
2104,이장욱,2.0
2105,이장원,10.0
2106,이재관,14.0
2107,이재민,2.0
2108,이재범,2.0
2109,이재용,6.0
2110,이재윤,4.0
2111,이재응,20.0
2112,이재인,2.0
2113,이재진,2.0
2114,이재훈,2.0
2115,이정구,8.0
2116,이정민,6.0
2117,이정우,6.0
2118,이정원,2.0
2119,이정재,111.99999999999999
2120,이정진,16.0
2121,이정헌,4.0
2122,이정현,44.0
2123,이정희,2.0
2124,이제인,2.0
2125,이제훈,56.0
2126,이종걸,2.0
2127,이종석,42.0
2128,이종인,2.0
2129,이종혁,18.0
2130,이종호,2.0
2131,이주승,2.0
2132,이주실,6.0
2133,이준,26.0
2134,이준기,4.0
2135,이준혁,50.0
2136,이준호,26.0
2137,이지아,2.0
2138,이지용,4.0
2139,이지현,4.0
2140,이지형,2.0
2141,이지훈,2.0
2142,이진서,2.0
2143,이진성,4.0
2144,이진욱,34.0
2145,이진호,6.0
2146,이진희,12.0
2147,이창민,4.0
2148,이창훈,2.0
2149,이채은,2.0
2150,이천희,8.0
2151,이철민,8.0
2152,이청미,2.0
2153,이청아,32.0
2154,이초희,4.0
2155,이춘연,26.0
2156,이충직,2.0
2157,이치하라 에수코,10.0
2158,이태란,4.0
2159,이태성,2.0
2160,이태임,12.0
2161,이태현,2.0
2162,이태호,8.0
2163,이토 카나에,2.0
2164,이하나,10.0
2165,이하늬,42.0
2166,이학민,2.0
2167,이학주,8.0
2168,이한위,39.99999999999999
2169,이해신,4.0
2170,이해영,22.0
2171,이현,2.0
2172,이현명,8.0
2173,이현민,12.0
2174,이현우,40.0
2175,이현주,2.0
2176,이현진,14.0
2177,이현학,2.0
2178,이형석,18.0
2179,이형섭,2.0
2180,이혜란,2.0
2181,이혜림,2.0
2182,이혜영,6.0
2183,이호산,6.0
2184,이호승,2.0
2185,이호영,2.0
2186,이호재,14.0
2187,이호현,2.0
2188,이화시,2.0
2189,이화정,2.0
2190,이환,2.0
2191,이효권,10.0
2192,이효제,8.0
2193,이후빈,6.0
2194,이후성,2.0
2195,이훈민,6.0
2196,이희준,46.0
2197,인디아 아이슬리,2.0
2198,인한국,2.0
2199,일라이저 우드,14.0
2200,임남숙,8.0
2201,임달화,40.0
2202,임동욱,6.0
2203,임명현,2.0
2204,임민경,6.0
2205,임보경,4.0
2206,임보라,6.0
2207,임상현,2.0
2208,임선우,2.0
2209,임성언,2.0
2210,임수연,2.0
2211,임수정,46.0
2212,임슬옹,10.0
2213,임승묵,6.0
2214,임시완,40.0
2215,임여문,4.0
2216,임왕섭,6.0
2217,임원희,22.000000000000004
2218,임은경,2.0
2219,임자총,2.0
2220,임정희,4.0
2221,임주은,2.0
2222,임주환,20.0
2223,임지규,20.0
2224,임지연,28.0
2225,임지훈,6.0
2226,임찬영,4.0
2227,임창정,38.0
2228,임채헌,10.0
2229,임하룡,24.0
2230,임한빈,18.0
2231,임현성,26.0
2232,임형국,2.0
2233,임형준,14.0
2234,임호,2.0
2235,임화영,2.0
2236,임효순,2.0
2237,자넷 맥티어,2.0
2238,자레드 레토,10.0
2239,자레드 해리스,10.0
2240,자비에르 사무엘,2.0
2241,자크 갈리피아나키스,12.0
2242,자크 길포드,2.0
2243,장 끌로드 반담,2.0
2244,장 뒤자르댕,2.0
2245,장 르노,4.0
2246,장-루이 트린티냥,2.0
2247,장가휘,2.0
2248,장경섭,2.0
2249,장경아,4.0
2250,장경희,4.0
2251,장광,64.0
2252,장국강,2.0
2253,장규미,8.0
2254,장근석,15.999999999999998
2255,장남열,2.0
2256,장동건,34.0
2257,장문석,2.0
2258,장백지,2.0
2259,장서이,16.0
2260,장세현,2.0
2261,장수원,2.0
2262,장신영,2.0
2263,장영남,114.0
2264,장영준,6.0
2265,장요한,2.0
2266,장원식,2.0
2267,장원욱,2.0
2268,장원재,2.0
2269,장윤주,24.0
2270,장재우,2.0
2271,장정윤,8.0
2272,장정정,2.0
2273,장정초,2.0
2274,장주연,2.0
2275,장지은,2.0
2276,장진우,6.0
2277,장쯔이,6.0
2278,장채린,14.0
2279,장첸,16.0
2280,장풍의,14.0
2281,장한새,4.0
2282,장한승,2.0
2283,장한위,4.0
2284,장항선,8.0
2285,장혁,26.0
2286,장현성,20.0
2287,장희진,2.0
2288,재뉴어리 존스,8.0
2289,재커리 레비,8.0
2290,재커리 퀸토,20.0
2291,재키 얼 헤일리,6.0
2292,재키 위버,2.0
2293,잭 니콜슨,2.0
2294,잭 레이너,18.0
2295,잭 맥브레이어,6.0
2296,잭 블랙,50.0
2297,잭 에프런,10.0
2298,잭 오코넬,2.0
2299,잭 휴스턴,8.0
2300,잭슨 라스본,6.0
2301,저스틴 그렉,2.0
2302,저스틴 롱,24.0
2303,저스틴 바사,8.0
2304,저스틴 채트윈,2.0
2305,저스틴 팀버레이크,20.0
2306,적룡,6.0
2307,전건익,10.0
2308,전경수,2.0
2309,전광렬,2.0
2310,전국환,14.0
2311,전노민,2.0
2312,전도연,16.0
2313,전무송,2.0
2314,전미선,24.0
2315,전성우,2.0
2316,전세홍,4.0
2317,전소영,2.0
2318,전수경,2.0
2319,전숙경,2.0
2320,전아민,8.0
2321,전예원,8.0
2322,전유림,2.0
2323,전인걸,2.0
2324,전지현,72.0
2325,전태열,8.0
2326,전혜빈,16.0
2327,전혜진,40.0
2328,전희수,4.0
2329,정건영,8.0
2330,정겨운,6.0
2331,정경호,26.0
2332,정다은,14.0
2333,정다혜,2.0
2334,정덕희,10.0
2335,정동철,2.0
2336,정동환,2.0
2337,정려원,13.999999999999998
2338,정만식,48.0
2339,정명숙,4.0
2340,정명철,10.0
2341,정명호,2.0
2342,정미숙,6.0
2343,정민희,18.0
2344,정범균,2.0
2345,정범식,4.0
2346,정보석,4.0
2347,정상훈,20.0
2348,정석용,2.0
2349,정석원,6.0
2350,정선경,10.0
2351,정선혜,2.0
2352,정성화,30.000000000000004
2353,정소민,4.0
2354,정수영,8.0
2355,정시연,2.0
2356,정애연,2.0
2357,정여진,6.0
2358,정연식,2.0
2359,정영기,12.0
2360,정영숙,6.0
2361,정우,35.99999999999999
2362,정우성,86.0
2363,정우혁,4.0
2364,정운택,6.0
2365,정웅인,20.0
2366,정원,2.0
2367,정원중,22.0
2368,정유림,2.0
2369,정유미,70.0
2370,정유석,2.0
2371,정유정,4.0
2372,정윤민,2.0
2373,정은우,2.0
2374,정은지,2.0
2375,정은채,12.0
2376,정의철,2.0
2377,정인기,24.0
2378,정인선,2.0
2379,정재영,84.0
2380,정재일,2.0
2381,정재진,2.0
2382,정재헌,10.0
2383,정재훈,4.0
2384,정주원,4.0
2385,정준,2.0
2386,정준원,6.0
2387,정준하,12.0
2388,정준호,32.0
2389,정지윤,6.0
2390,정지은,2.0
2391,정지훈,18.0
2392,정진영,100.00000000000003
2393,정찬,2.0
2394,정찬우,8.0
2395,정태현,2.0
2396,정태호,2.0
2397,정하연,2.0
2398,정해균,12.0
2399,정현국,2.0
2400,정현주,2.0
2401,정현진,2.0
2402,정현태,6.0
2403,정형돈,2.0
2404,정혜영,16.0
2405,정혜옥,2.0
2406,정혜원,4.0
2407,정혜인,4.0
2408,정혜진,2.0
2409,정호빈,8.0
2410,정호원,2.0
2411,정호진,2.0
2412,정훈영,4.0
2413,제네시스 로드리게스,10.0
2414,제니 오하라,2.0
2415,제니퍼 가너,4.0
2416,제니퍼 로렌스,50.0
2417,제니퍼 로페즈,12.0
2418,제니퍼 애니스턴,14.0
2419,제니퍼 엘,2.0
2420,제니퍼 제이슨 리,2.0
2421,제니퍼 코넬리,20.0
2422,제라드 버틀러,50.0
2423,제라르 드빠르디유,2.0
2424,제랄드 맥라니,2.0
2425,제레미 레너,96.0
2426,제레미 섬터,8.0
2427,제레미 아이언스,16.0
2428,제레미 어바인,4.0
2429,제레미 하워드,2.0
2430,제롬 플린,2.0
2431,제리 사인펠드,6.0
2432,제리 오코넬,4.0
2433,제리 페라라,4.0
2434,제메인 클레멘트,20.0
2435,제미마 웨스트,4.0
2436,제시 맥카트니,10.0
2437,제시 아이젠버그,40.0
2438,제시 어셔,6.0
2439,제시 윌리엄스,2.0
2440,제시 타일러 퍼거슨,4.0
2441,제시 플레먼스,2.0
2442,제시카 로테,6.0
2443,제시카 루카스,6.0
2444,제시카 비엘,12.0
2445,제시카 스자르,4.0
2446,제시카 알바,14.0
2447,제시카 차스테인,44.0
2448,제이 바루첼,18.0
2449,제이 코트니,26.0
2450,제이다 핀켓 스미스,12.0
2451,제이든 리버허,2.0
2452,제이든 스미스,6.0
2453,제이미 도넌,6.0
2454,제이미 벨,38.0
2455,제이미 알렉산더,2.0
2456,제이미 정,12.0
2457,제이미 캠벨 바우어,4.0
2458,제이미 킹,2.0
2459,제이미 폭스,36.0
2460,제이슨 더글러스,4.0
2461,제이슨 리,14.0
2462,제이슨 모모아,6.0
2463,제이슨 미웨스,8.0
2464,제이슨 베이트먼,18.0
2465,제이슨 서디키스,8.0
2466,제이슨 스타뎀,58.00000000000001
2467,제이슨 아이삭스,6.0
2468,제이슨 코프,4.0
2469,제이슨 클락,28.0
2470,제이슨 패트릭,2.0
2471,제이콥 트렘블레이,4.0
2472,제이크 T. 오스틴,2.0
2473,제이크 레이시,2.0
2474,제이크 존슨,24.0
2475,제이크 질렌할,26.0
2476,제인 레비,6.0
2477,제인 린치,8.0
2478,제인 폰다,2.0
2479,제인 헤이트마이어,2.0
2480,제임스 다시,8.0
2481,제임스 랜슨,2.0
2482,제임스 마스던,6.0
2483,제임스 마스터스,2.0
2484,제임스 맥어보이,52.0
2485,제임스 카비젤,2.0
2486,제임스 칸,4.0
2487,제임스 코든,14.0
2488,제임스 크롬웰,2.0
2489,제임스 퓨어포이,2.0
2490,제임스 프랭코,26.0
2491,제임스 프레체빌,2.0
2492,제정훈,6.0
2493,제프 골드블럼,20.0
2494,제프 다니엘스,14.0
2495,제프 브리지스,26.0
2496,제프리 도노반,4.0
2497,제프리 딘 모건,14.0
2498,제프리 러쉬,16.0
2499,제프리 아렌드,4.0
2500,제프리 존슨,2.0
2501,제프리 탬보,4.0
2502,젠다야 콜맨,24.0
2503,젠슨 애클스,2.0
2504,젬마 아터튼,20.0
2505,젬마 워드,2.0
2506,조 권,2.0
2507,조 맨가니엘로,8.0
2508,조 샐다나,54.0
2509,조 앤더슨,2.0
2510,조 크라비츠,10.0
2511,조규철,2.0
2512,조나 힐,8.0
2513,조나단 그로프,24.0
2514,조나단 리스 마이어스,16.0
2515,조니 녹스빌,6.0
2516,조니 뎁,64.0
2517,조니 웨스턴,2.0
2518,조달환,12.0
2519,조대현,2.0
2520,조덕제,2.0
2521,조동혁,12.0
2522,조디 포스터,6.0
2523,조명희,2.0
2524,조문희,4.0
2525,조미,12.0
2526,조미령,6.0
2527,조미혜,2.0
2528,조민기,2.0
2529,조민수,8.0
2530,조민아,2.0
2531,조민우,2.0
2532,조병만,12.0
2533,조병찬,14.0
2534,조보아,2.0
2535,조복래,12.0
2536,조상기,2.0
2537,조상원,6.0
2538,조서희,2.0
2539,조석현,4.0
2540,조선욱,2.0
2541,조성목,8.0
2542,조성우,2.0
2543,조성일,2.0
2544,조성하,54.0
2545,조성현,6.0
2546,조성환,10.0
2547,조성훈,2.0
2548,조성희,2.0
2549,조세현,14.0
2550,조셀린 도나휴,8.0
2551,조셉 고든 레빗,30.0
2552,조셉 길건,2.0
2553,조셉 파인즈,4.0
2554,조수민,2.0
2555,조수정,6.0
2556,조수진,2.0
2557,조수향,2.0
2558,조수현,2.0
2559,조쉬 더하멜,28.0
2560,조쉬 루카스,2.0
2561,조쉬 콜,2.0
2562,조쉬 하트넷,4.0
2563,조쉬 해밀톤,2.0
2564,조쉬 허처슨,36.0
2565,조슈 브롤린,42.0
2566,조슈아 J. 발라드,2.0
2567,조승민,6.0
2568,조승연,6.0
2569,조승우,42.0
2570,조시 게드,30.0
2571,조시 스튜어트,4.0
2572,조아라,18.0
2573,조아름,2.0
2574,조안,16.0
2575,조안 알렌,10.0
2576,조앤 쿠삭,8.0
2577,조엘 에저튼,12.0
2578,조엘 코트니,2.0
2579,조엘 킨나만,6.0
2580,조여정,32.0
2581,조영천,6.0
2582,조예진,2.0
2583,조용관,6.0
2584,조우진,32.0
2585,조원희,4.0
2586,조윤정,6.0
2587,조윤호,2.0
2588,조윤희,34.0
2589,조은서,8.0
2590,조은지,42.0
2591,조은형,6.0
2592,조이 카멘,2.0
2593,조이 킹,2.0
2594,조이진,2.0
2595,조인성,24.0
2596,조재윤,48.0
2597,조재은,6.0
2598,조재현,26.0
2599,조정석,72.0
2600,조정일,2.0
2601,조정준,6.0
2602,조지 클루니,20.0
2603,조지 헨리,12.0
2604,조지훈,4.0
2605,조진웅,156.0
2606,조한선,16.0
2607,조한철,2.0
2608,조현재,4.0
2609,조현정,10.0
2610,조혜진,4.0
2611,조효민,2.0
2612,조희봉,20.0
2613,존 C. 라일리,8.0
2614,존 갤러거 주니어,2.0
2615,존 굿맨,26.0
2616,존 그리스,8.0
2617,존 레귀자모,22.0
2618,존 말코비치,48.0
2619,존 번탈,10.0
2620,존 보예가,10.0
2621,존 보이트,6.0
2622,존 시나,4.0
2623,존 아브라함스,8.0
2624,존 카저,4.0
2625,존 쿠삭,20.0
2626,존 크랜신스키,6.0
2627,존 트라볼타,8.0
2628,존 파브로,20.0
2629,존 햄,12.0
2630,존 허트,28.0
2631,존 혹스,2.0
2632,주걸륜,6.0
2633,주다영,6.0
2634,주드 로,42.0
2635,주디 그리어,24.0
2636,주디 데이비스,2.0
2637,주디 덴치,22.0
2638,주보비,2.0
2639,주상욱,16.0
2640,주성민,6.0
2641,주성치,2.0
2642,주신,4.0
2643,주원,24.0
2644,주윤발,10.0
2645,주이 디샤넬,14.0
2646,주지훈,57.99999999999999
2647,주진모,50.0
2648,주진우,2.0
2649,주창욱,10.0
2650,주현,6.0
2651,주희,2.0
2652,줄리 델피,2.0
2653,줄리 벤즈,2.0
2654,줄리 보웬,2.0
2655,줄리 앤드류스,2.0
2656,줄리아 로버츠,18.0
2657,줄리아 루이스 드레퓌스,2.0
2658,줄리아 스타일즈,8.0
2659,줄리안 맥마흔,2.0
2660,줄리안 무어,40.0
2661,줄리안 허프,2.0
2662,줄리엣 루이스,4.0
2663,줄리엣 비노쉬,6.0
2664,줄리엣 스티븐슨,2.0
2665,쥬니,8.0
2666,증개현,2.0
2667,지나 로드리게즈,8.0
2668,지나 말론,2.0
2669,지나 카라노,12.0
2670,지니퍼 굿윈,18.0
2671,지대한,8.0
2672,지미 키멜,8.0
2673,지성,8.0
2674,지성원,2.0
2675,지수,2.0
2676,지안,2.0
2677,지연,6.0
2678,지웅배,10.0
2679,지진희,12.0
2680,지창욱,8.0
2681,지현우,6.0
2682,진 윤,4.0
2683,진경,42.0
2684,진구,72.0
2685,진기주,6.0
2686,진남수,2.0
2687,진도명,4.0
2688,진서연,8.0
2689,진세연,20.0
2690,진지희,18.0
2691,진태현,4.0
2692,진혜림,2.0
2693,진희경,2.0
2694,질 를르슈,2.0
2695,질 버밍햄,2.0
2696,짐 브로드벤트,6.0
2697,짐 스터게스,18.0
2698,짐 캐리,20.0
2699,짐 커밍스,2.0
2700,짐 파슨스,4.0
2701,차성호,2.0
2702,차수연,10.0
2703,차순배,2.0
2704,차승우,4.0
2705,차승원,36.0
2706,차예련,16.0
2707,차인표,4.0
2708,차지연,2.0
2709,차태현,84.0
2710,차현우,2.0
2711,차현정,6.0
2712,찰리 데이,16.0
2713,찰리 쉰,2.0
2714,찰리 허냄,10.0
2715,찰스 댄스,2.0
2716,채닝 테이텀,26.0
2717,채드 룩,8.0
2718,채드윅 보스만,14.0
2719,채민서,2.0
2720,채민지,2.0
2721,채서진,6.0
2722,채수빈,2.0
2723,채정안,6.0
2724,채탁연,2.0
2725,채현우,2.0
2726,챈들러 캔터베리,6.0
2727,천보근,12.0
2728,천성훈,6.0
2729,천우희,26.0
2730,천정명,8.0
2731,천쿤,4.0
2732,천호진,40.0
2733,최강희,22.0
2734,최경선,4.0
2735,최경원,12.0
2736,최고,8.0
2737,최고은,2.0
2738,최귀화,32.0
2739,최규환,4.0
2740,최낙윤,4.0
2741,최낙희,2.0
2742,최다니엘,28.000000000000004
2743,최대호,4.0
2744,최덕문,8.0
2745,최령,2.0
2746,최리,10.0
2747,최무성,36.0
2748,최민수,2.0
2749,최민식,82.0
2750,최민철,6.0
2751,최민호,4.0
2752,최병구,2.0
2753,최선주,2.0
2754,최설리(설리),4.0
2755,최성국,12.0
2756,최성민,2.0
2757,최수민,2.0
2758,최수종,4.0
2759,최승현,30.0
2760,최승호,2.0
2761,최오식,2.0
2762,최우석,2.0
2763,최우식,30.0
2764,최우혁,4.0
2765,최원균,8.0
2766,최원영,10.0
2767,최유화,6.0
2768,최윤영,10.0
2769,최은주,2.0
2770,최인영,2.0
2771,최일화,10.0
2772,최재민,2.0
2773,최재웅,12.0
2774,최재원,14.0
2775,최재환,20.0
2776,최재훈,8.0
2777,최정우,30.0
2778,최정원,8.0
2779,최정윤,2.0
2780,최정은,2.0
2781,최정현,6.0
2782,최제헌,6.0
2783,최종률,8.0
2784,최종만,8.0
2785,최종민,8.0
2786,최종석,8.0
2787,최종학,4.0
2788,최종훈,4.0
2789,최지우,10.0
2790,최지현,2.0
2791,최지호,20.0
2792,최진리,6.0
2793,최진우,2.0
2794,최진호,20.0
2795,최태영,2.0
2796,최태준,2.0
2797,최한,2.0
2798,최현희,2.0
2799,최형,2.0
2800,최혜림,6.0
2801,최호진,6.0
2802,최홍일,6.0
2803,최화정,2.0
2804,최효영,2.0
2805,최효종,4.0
2806,최희서,14.0
2807,추자현,14.0
2808,츠루노 타케시,2.0
2809,츠루미 신고,18.0
2810,츠츠미 신이치,2.0
2811,치바 유다이,4.0
2812,치웨텔 에지오포,30.0
2813,카고 아이,2.0
2814,카네코 유키,2.0
2815,카드 메라드,4.0
2816,카라 델러비인,10.0
2817,카라 부오노,2.0
2818,카라사와 토시아키,2.0
2819,카레 헤레브란트,2.0
2820,카렌 길런,8.0
2821,카르멘 에조고,2.0
2822,카리 케토넨,2.0
2823,카리 히타라티,2.0
2824,카리나 카푸르,2.0
2825,카린 비아르,2.0
2826,카메론 디아즈,28.0
2827,카미시라이시 모네,10.0
2828,카미야 아키라,4.0
2829,카미키 류노스케,22.0
2830,카밀라 벨,10.0
2831,카세 료,2.0
2832,카스 앤바,2.0
2833,카야 스코델라리오,36.0
2834,카야노 아이,2.0
2835,카이라 세드윅,2.0
2836,카일 갈너,4.0
2837,카일 맥라클란,12.0
2838,카일 챈들러,6.0
2839,카자마  슌스케,4.0
2840,카카즈 유미,6.0
2841,카타리나 탈바흐,2.0
2842,카타오카 신와,2.0
2843,카토리 싱고,4.0
2844,카호,2.0
2845,칸 모하마드 아사두즈만,4.0
2846,칼 어번,24.0
2847,칼라 구기노,4.0
2848,칼럼 블루,4.0
2849,칼럼 키스 레니,2.0
2850,칼리 쿠오코,2.0
2851,캐리 멀리건,10.0
2852,캐리 앤 모스,6.0
2853,캐리 엘위스,4.0
2854,캐리 피셔,14.0
2855,캐빈 그레비스,2.0
2856,캐서린 뉴튼,2.0
2857,캐서린 맥코믹,4.0
2858,캐서린 맥피,2.0
2859,캐서린 워터스턴,18.0
2860,캐서린 윈닉,6.0
2861,캐서린 제타-존스,16.0
2862,캐서린 키너,26.0
2863,캐서린 테이트,2.0
2864,캐서린 헤이글,10.0
2865,캐시 베이츠,2.0
2866,캐시디 지포드,2.0
2867,캘런 맥오리피,2.0
2868,캠 지갠뎃,4.0
2869,커먼,2.0
2870,커스틴 던스트,8.0
2871,커트 러셀,16.0
2872,케네스 브래너,20.0
2873,케리 러셀,10.0
2874,케리 워싱턴,2.0
2875,케리 콘든,2.0
2876,케빈 구스리,8.0
2877,케빈 맥키드,6.0
2878,케빈 베이컨,14.0
2879,케빈 스페이시,6.0
2880,케빈 제임스,10.0
2881,케빈 지거스,4.0
2882,케빈 코스트너,16.0
2883,케빈 클라인,2.0
2884,케빈 하트,14.0
2885,케이 파나베이커,4.0
2886,케이시 애플렉,28.0
2887,케이트 델 카스틸로,2.0
2888,케이트 마라,14.0
2889,케이트 맥키넌,8.0
2890,케이트 베킨세일,12.0
2891,케이트 보스워스,6.0
2892,케이트 블란쳇,70.0
2893,케이트 업튼,2.0
2894,케이트 윈슬렛,12.0
2895,케이트 허드슨,10.0
2896,케이틀린 스테이시,2.0
2897,케이티 맥그라스,14.0
2898,케이티 색호프,4.0
2899,케이티 캐시디,2.0
2900,케이티 페리,4.0
2901,케이티 피더스턴,8.0
2902,케이티 홈즈,6.0
2903,케일리 스패니,6.0
2904,켄 아놀드,10.0
2905,켄 정,8.0
2906,켈란 루츠,8.0
2907,켈리 라일리,2.0
2908,켈리 맥도날드,6.0
2909,켈시 그래머,2.0
2910,코니 닐슨,10.0
2911,코니 브리튼,2.0
2912,코디 스밋 맥피,4.0
2913,코리 스톨,8.0
2914,코마츠 나나,4.0
2915,코바야시 사토미,2.0
2916,코바야시 카오루,2.0
2917,코비 스멀더스,4.0
2918,코스타스 맨다이어,4.0
2919,코야마 리키야,2.0
2920,코유키,2.0
2921,코자쿠라 에츠코,6.0
2922,코트니 이튼,4.0
2923,콜 하우저,6.0
2924,콜린 메츠거,2.0
2925,콜린 파렐,34.0
2926,콜린 퍼스,58.0
2927,콜린 행크스,2.0
2928,콤 미니,2.0
2929,쿠니무라 준,16.0
2930,쿠도 유키,2.0
2931,쿠바 구딩 주니어,2.0
2932,쿠벤자네 왈리스,2.0
2933,쿠보 유리카,2.0
2934,쿠스다 아이나,2.0
2935,퀸 라티파,10.0
2936,퀸튼 잭슨,4.0
2937,크레이그 홀,2.0
2938,크리스 J. 머레이,2.0
2939,크리스 노스,8.0
2940,크리스 록,12.0
2941,크리스 메시나,2.0
2942,크리스 밀러,6.0
2943,크리스 에반스,126.0
2944,크리스 오도넬,2.0
2945,크리스 쿠퍼,4.0
2946,크리스 파인,44.0
2947,크리스 프랫,38.0
2948,크리스 헴스워스,114.0
2949,크리스찬 베일,54.00000000000001
2950,크리스찬 슬레이터,2.0
2951,크리스찬 카마고,2.0
2952,크리스타 테렛,2.0
2953,크리스탈 리드,4.0
2954,크리스토퍼 나이츠,6.0
2955,크리스토퍼 로이드,4.0
2956,크리스토퍼 리,20.0
2957,크리스토퍼 민츠 플라세,4.0
2958,크리스토퍼 에건,4.0
2959,크리스토퍼 월켄,2.0
2960,크리스토퍼 칼리,2.0
2961,크리스토퍼 플러머,10.0
2962,크리스토프 왈츠,22.0
2963,크리스티나 리치,8.0
2964,크리스티나 애플게이트,2.0
2965,크리스티앙 클라비에,2.0
2966,크리스틴 데이비스,8.0
2967,크리스틴 바란스키,4.0
2968,크리스틴 벨,28.0
2969,크리스틴 스콧 토마스,6.0
2970,크리스틴 스튜어트,45.99999999999999
2971,크리스틴 위그,34.0
2972,크리스틴 커밍스,2.0
2973,크리스틴 코놀리,2.0
2974,크리스핀 글로버,8.0
2975,크리티라 인폰위지트,2.0
2976,클라라,2.0
2977,클라이브 오웬,10.0
2978,클락 듀크,4.0
2979,클랜시 브라운,8.0
2980,클레 베넷,2.0
2981,클레어 데인즈,2.0
2982,클레어 홀트,4.0
2983,클로리스 리치먼,4.0
2984,클로이 모레츠,14.0
2985,클린트 이스트우드,2.0
2986,키리야마 렌,2.0
2987,키스 데이빗,2.0
2988,키시모토 가요코,2.0
2989,키아누 리브스,12.0
2990,키엘 산체스,4.0
2991,키이라 나이틀리,28.0
2992,키지마 류이치,2.0
2993,키쿠치 린코,2.0
2994,키쿠치 코코로,2.0
2995,키키 키린,2.0
2996,키타가와 케이코,2.0
2997,키타무라 카즈키,2.0
2998,키타무라 타쿠미,2.0
2999,키퍼 서덜랜드,8.0
3000,킬리언 머피,20.0
3001,킴 디렉터,6.0
3002,킴 디킨스,8.0
3003,킴 캐트럴,10.0
3004,킷 해링턴,6.0
3005,타나카 마유미,4.0
3006,타니시타 차터제,2.0
3007,타라지 P. 헨슨,2.0
3008,타마키 히로시,4.0
3009,타이 쉐리던,8.0
3010,타이 심킨스,4.0
3011,타이 올슨,8.0
3012,타이라 아이리,2.0
3013,타이레스 깁슨,2.0
3014,타카야마 미나미,20.0
3015,타카오카 사키,2.0
3016,타카하시 히데키,2.0
3017,타케우치 준코,4.0
3018,타키모토 미오리,2.0
3019,탁대성,2.0
3020,탁재훈,12.0
3021,탁트인,22.0
3022,탈리타 베이트먼,6.0
3023,탕웨이,10.0
3024,탕준상,4.0
3025,태너 맥과이어,2.0
3026,태런 에저튼,38.0
3027,태민,2.0
3028,태양,2.0
3029,태연,10.0
3030,탠디 뉴튼,16.0
3031,테레사 팔머,14.0
3032,테렌스 스탬프,2.0
3033,테렌스 하워드,14.0
3034,테리 길리엄,2.0
3035,테리 해처,4.0
3036,테무에라 모리슨,8.0
3037,테사 톰슨,12.0
3038,테오 제임스,10.0
3039,테이트 도노반,2.0
3040,테일러 로트너,18.0
3041,테일러 스위프트,2.0
3042,테일러 키니,2.0
3043,테일러 키취,16.0
3044,토니 골드윈,2.0
3045,토니 블랙,4.0
3046,토니 아멘돌라,4.0
3047,토니 콜렛,4.0
3048,토마스 데커,2.0
3049,토마스 레마르쿼즈,2.0
3050,토마스 생스터,24.0
3051,토마스 제인,4.0
3052,토마스 크레취만,24.0
3053,토마츠 하루카,4.0
3054,토머 시슬리,2.0
3055,토미 리 존스,34.0
3056,토미 스나이더,2.0
3057,토비 맥과이어,16.0
3058,토비 스티븐스,2.0
3059,토비 존스,4.0
3060,토비 켑벨,14.0
3061,토빈 벨,6.0
3062,토요카와 에츠시,2.0
3063,토쿠야마 히데노리,2.0
3064,토쿠이 소라,2.0
3065,토키와 타카코,2.0
3066,토퍼 그레이스,4.0
3067,톰 맥그라스,6.0
3068,톰 윌킨슨,4.0
3069,톰 케니,2.0
3070,톰 크루즈,88.0
3071,톰 펠튼,2.0
3072,톰 하디,52.0
3073,톰 행크스,34.0
3074,톰 홀랜드,18.0
3075,톰 히들스턴,52.0
3076,트래비스 클러프,2.0
3077,트래비스 핌멜,6.0
3078,트레반트 로즈,4.0
3079,트레버 개그넌,2.0
3080,트레이 파커,10.0
3081,트레이시 렛츠,2.0
3082,티 버렐,4.0
3083,티모시 샬라멧,2.0
3084,티모시 올리펀트,8.0
3085,틸다 스윈튼,42.0
3086,팀 로스,4.0
3087,팀 커리,4.0
3088,파니 발렛,2.0
3089,파블로 쉬레이버,2.0
3090,파이퍼 브라운,2.0
3091,파일,2.0
3092,파커 포시,2.0
3093,파티마 사나 셰이크,2.0
3094,판빙빙,12.0
3095,팜케 얀센,20.0
3096,패디 콘시딘,2.0
3097,패트리시아 아퀘트,2.0
3098,패트릭 뎀시,26.0
3099,패트릭 스튜어트,18.0
3100,패트릭 윌슨,26.0
3101,패트릭 파비언,2.0
3102,팸 페리스,2.0
3103,퍼디아 월시-필로,4.0
3104,펄라 하니-자딘,2.0
3105,페넬로페 크루즈,22.0
3106,페니 밸포어,2.0
3107,페드로 파스칼,4.0
3108,페이 더너웨이,2.0
3109,펠리시티 존스,13.999999999999998
3110,펠리시티 허프먼,2.0
3111,포레스트 휘테커,36.0
3112,폴 다노,4.0
3113,폴 러드,8.0
3114,폴 베타니,28.0
3115,폴 워커,28.000000000000004
3116,폴 지아마티,10.0
3117,폴라 패튼,8.0
3118,풍소봉,2.0
3119,프란 드레셔,4.0
3120,프란 크랜즈,2.0
3121,프란시스 맥도먼드,10.0
3122,프란시스 오코너,6.0
3123,프란카 포텐테,6.0
3124,프랑소아 다미앙,2.0
3125,프랑수아 클뤼제,6.0
3126,프랭크 그릴로,2.0
3127,프랭크 란젤라,2.0
3128,프랭크 웰커,2.0
3129,프레데릭 벨,2.0
3130,프레디 프린즈 주니어,2.0
3131,프레디 하이모어,18.0
3132,프리다 핀토,20.0
3133,피어스 브로스넌,12.000000000000002
3134,피오나 쇼,2.0
3135,피터 딘클리지,6.0
3136,피터 맥로비,2.0
3137,피터 뮬란,2.0
3138,피터 손,4.0
3139,피터 스토메어,2.0
3140,피터 플로스잭,2.0
3141,핀 울프하드,4.0
3142,핀 위트록,12.0
3143,필립 버그,2.0
3144,필립 볼든,2.0
3145,필립 세이모어 호프만,12.0
3146,핑크,2.0
3147,하나자와 카나,2.0
3148,하동훈,12.0
3149,하라 히데코,2.0
3150,하라다 미에코,2.0
3151,하룡이,2.0
3152,하마다 코코네,2.0
3153,하마베 미나미,2.0
3154,하마오 쿄스케,2.0
3155,하비 케이틀,10.0
3156,하비에르 바르뎀,26.0
3157,하비에르 보텟,18.0
3158,하성용,10.0
3159,하시모토 아이,4.0
3160,하야미 사오리,2.0
3161,하야시바라 메구미,10.0
3162,하윤경,2.0
3163,하윤동,2.0
3164,하은설,2.0
3165,하일우,2.0
3166,하재숙,4.0
3167,하정우,224.00000000000003
3168,하지원,55.99999999999999
3169,하화초,2.0
3170,한가인,12.0
3171,한기준,8.0
3172,한기중,6.0
3173,한나 에밀리 앤더슨,2.0
3174,한나 웨어,2.0
3175,한누-펙카 뵤르크만,2.0
3176,한동학,10.0
3177,한명구,10.0
3178,한민,4.0
3179,한민혁,4.0
3180,한보배,6.0
3181,한상진,2.0
3182,한상혁,2.0
3183,한석규,51.99999999999999
3184,한성천,2.0
3185,한송이,4.0
3186,한수빈,2.0
3187,한수연,2.0
3188,한신,4.0
3189,한아름,6.0
3190,한예리,42.0
3191,한예슬,10.0
3192,한유빈,6.0
3193,한은정,12.0
3194,한재석,6.0
3195,한재영,16.0
3196,한지민,60.0
3197,한지혜,8.0
3198,한채아,4.0
3199,한채영,10.0
3200,한혜린,2.0
3201,한혜림,2.0
3202,한혜숙,2.0
3203,한혜영,4.0
3204,한혜진,20.0
3205,한효주,76.0
3206,할룩 빌기너,6.0
3207,할리 베리,28.0
3208,할스톤 세이지,2.0
3209,함수정,10.0
3210,함은정,4.0
3211,해리 코닉 주니어,2.0
3212,해리슨 포드,32.0
3213,행크 아자리아,16.0
3214,허기호,4.0
3215,허남훈,2.0
3216,허동우,2.0
3217,허서영,8.0
3218,허이재,2.0
3219,허자연,6.0
3220,허재호,12.0
3221,허정규,8.0
3222,허정도,2.0
3223,허준석,4.0
3224,허준호,22.0
3225,허지원,4.0
3226,허진,22.0
3227,허태희,8.0
3228,허행욱,4.0
3229,허형규,6.0
3230,헤더 고든,2.0
3231,헤더 소서맨,2.0
3232,헤이든 크리스텐슨,10.0
3233,헤이든 파네티어,4.0
3234,헤일리 루 리차드슨,8.0
3235,헤일리 스테인펠드,20.0
3236,헤일리 앳웰,4.0
3237,헤일리 웹,2.0
3238,헨리 카빌,32.0
3239,헨리 토마스,2.0
3240,헬레나 본햄 카터,40.0
3241,헬렌 미렌,10.0
3242,현빈,46.0
3243,현영,8.0
3244,현태호,2.0
3245,형성석,2.0
3246,호군,6.0
3247,호리카와 료,4.0
3248,호세 가르시아,2.0
3249,호세 코로나도,4.0
3250,호아킨 피닉스,4.0
3251,홀리데이 그레인저,4.0
3252,홍경인,2.0
3253,홍금보,2.0
3254,홍덕표,4.0
3255,홍범기,4.0
3256,홍상표,2.0
3257,홍선희,4.0
3258,홍성덕,4.0
3259,홍성범,2.0
3260,홍세희,4.0
3261,홍소영,12.0
3262,홍수민,4.0
3263,홍수현,12.0
3264,홍승진,2.0
3265,홍영승,6.0
3266,홍윤정,8.0
3267,홍은희,2.0
3268,홍의정,14.0
3269,홍종현,2.0
3270,홍지은,2.0
3271,홍진욱,8.0
3272,홍진희,20.0
3273,홍희자,4.0
3274,황보라,8.0
3275,황보현,4.0
3276,황석정,10.0
3277,황우슬혜,36.0
3278,황인아,2.0
3279,황정민,192.0
3280,황정음,6.0
3281,황지현,2.0
3282,황찬성,4.0
3283,황창영,4.0
3284,황추생,6.0
3285,황하나,2.0
3286,황효명,2.0
3287,황희숙,2.0
3288,효민,2.0
3289,후루하라 야스히사,2.0
3290,후지와라 케이지,4.0
3291,후지이 미나,2.0
3292,후카츠 에리,4.0
3293,후쿠시 소우타,2.0
3294,후쿠야마 마사하루,4.0
3295,휴 그랜트,10.0
3296,휴 댄시,4.0
3297,휴 딜런,2.0
3298,휴 로리,10.0
3299,휴 보네빌,4.0
3300,휴 잭맨,84.0
3301,휴고 실바,2.0
3302,휴고 위빙,12.0
3303,히가시데 마사히로,2.0
3304,히노 사토시,2.0
3305,히라노 후미,2.0
3306,히라타 히로아키,4.0
3307,히로세 스즈,4.0
3308,히로스에 료코,2.0
3309,히스 레저,14.0
3310,힐러리 스웽크,4.0
